Product_Name,Brand,MRP,Sale_Price,Discount (%),Rating,Reviews_Count,Category,Stock_Status,Discount_Amount
Dove Limited Edition Bridgerton Raspberry Rendezvous Body Wa...,Dove,1225,1191,15,5,1691,Skin - Body Care,In Stock,34
Cetaphil Moisturising Cream,Cetaphil,1899,1836,7,5,154126,Skin - Body Care,In Stock,63
CeraVe Moisturizer Cream For Dry Skin With Ceramides & Hyalu...,CeraVe,1469,1422,10,4,49172,Skin - Body Care,In Stock,47
Wishcare Sunscreen Body Lotion SPF 50 Broad Spectrum PA+++ U...,Wishcare,1499,1399,20,4,20817,Skin - Body Care,In Stock,100
Sol de Janeiro Bum Bum Jet Set,Sol,0,13650,0,4,1594,Skin - Body Care,In Stock,0
Cetaphil Moisturising Lotion,Cetaphil,1399,1351,12,4,201290,Skin - Body Care,In Stock,48
CeraVe Foaming Cleanser Face Wash For Oily Skin with Ceramid...,CeraVe,1559,1503,10,4,22788,Skin - Body Care,In Stock,56
Re'equil Ceramide & Hyaluronic Acid Moisturiser For Normal T...,Re'equil,1295,1280,5,4,29945,Skin - Body Care,In Stock,15
Bath & Body Works Dark Kiss Super Smooth Body Lotion,Bath,12199,11549,30,4,469,Skin - Body Care,In Stock,650
CeraVe Moisturizing Body Lotion for Normal to Dry skin with ...,CeraVe,11950,11755,10,5,13710,Skin - Body Care,In Stock,195
CeraVe Moisturizer For Dry Skin Barrier Repair Cream with C...,CeraVe,11690,11521,10,5,9523,Skin - Body Care,In Stock,169
Nivea Nourishing Body Milk,Nivea,0,1799,0,5,303883,Skin - Body Care,In Stock,0
Venusia Max Intensive Moisturizing Lotion Normal To Dry Skin...,Venusia,11371,11124,18,5,796,Skin - Body Care,In Stock,247
Plum BodyLovin Vanilla Caramello Bestselling Body Lotion,Plum,1475,1409,14,5,33080,Skin - Body Care,In Stock,66
Plum BodyLovin Vanilla Caramello Bestselling Body Lotion for...,Plum,1475,1409,14,5,33080,Skin - Body Care,In Stock,66
Be Bodywise Pigmentation Removal Cream With 2.5% Lactic Acid...,Be,1649,1597,8,4,4018,Skin - Body Care,In Stock,52
Venusia Moisturizing Cream | Body & Face Cream | 24 hrs Mois...,Venusia,1585,1480,18,5,332,Skin - Body Care,In Stock,105
Wishcare 10% AHA Blend + 1% Salicylic Acid Glycolic & Lactic...,Wishcare,1499,1399,20,4,7485,Skin - Body Care,In Stock,100
Plum BodyLovin Vanilla Vibes Body Oil,Plum,1299,1257,14,5,41287,Skin - Body Care,In Stock,42
Dove Deep Moisture Body Wash,Dove,1560,1392,30,5,31710,Skin - Body Care,In Stock,168
Joy Pure Aloe Vera Body Lotion Lightweight 48hr Moisturizat...,Joy,1580,1290,50,5,1328,Skin - Body Care,In Stock,290
NIVEA Cell Repair 50X Vit C Sunscreen Natural Glow Body Loti...,NIVEA,0,1645,0,4,136204,Skin - Body Care,In Stock,0
Aveeno Daily Moisturising Lotion - Natural Oat Body Moisturi...,Aveeno,11260,11096,13,5,21640,Skin - Body Care,In Stock,164
Nykaa Wanderlust Dreaming of Paris Perfume Body Lotion with ...,Nykaa,1550,1358,35,4,502922,Skin - Body Care,In Stock,192
Be Bodywise 5% Lactic Acid Body Lotion - For 24H Moisturizat...,Be,1449,1404,10,4,4985,Skin - Body Care,In Stock,45
NIVEA 48H Deep Moisture Care Cocoa Butter & Vit E Body Lotio...,NIVEA,0,1599,0,5,39339,Skin - Body Care,In Stock,0
Vaseline Cocoa Glow Serum In Lotion 600 ml  100% Pure Coco...,Vaseline,1825,1536,35,5,126974,Skin - Body Care,In Stock,289
Chemist at Play Exfoliating Natural AHAs Body Scrub For Remo...,Chemist,1349,1299,14,4,3235,Skin - Body Care,In Stock,50
Fiama Japanese Hokkaido Milk & Berries Moisturizing Soap Bar...,Fiama,1560,1391,30,5,395,Skin - Body Care,In Stock,169
Vaseline Intensive Care Deep Moisture Body Lotion,Vaseline,1750,1488,35,5,155772,Skin - Body Care,In Stock,262
Chemist At Play AHA Body Lotion With Niacinamide Shea Butter...,Chemist,1399,1359,10,4,4297,Skin - Body Care,In Stock,40
Chemist at Play Vitamin C Neck Knee Elbow Brightening Roll O...,Chemist,1349,1319,9,4,3954,Skin - Body Care,In Stock,30
Lotus Professional PhytoRx Skin Anti-Ageing Face Cream SPF 2...,Lotus,1965,1869,10,4,2817,Skin - Body Care,In Stock,96
FoxTale Hula Hoop Brightening Body Wash by Foxtale  Exfolia...,FoxTale,1399,1327,18,4,2401,Skin - Body Care,In Stock,72
Pilgrim Squalane Glow Moisturizer with Niacinamide & Vitamin...,Pilgrim,1550,1413,25,4,12884,Skin - Body Care,In Stock,137
Aveeno Skin Relief Moisturising Lotion - Oat + Shea Butter B...,Aveeno,11560,11373,12,5,6257,Skin - Body Care,In Stock,187
LASHIKA Probiotic Body Yogurt Tea Tree Oil,LASHIKA,1519,1415,20,5,6,Skin - Body Care,In Stock,104
Neutriderm Moisturising Face & Body Lotion For Dry Aging W...,Neutriderm,0,11000,0,5,1999,Skin - Body Care,In Stock,0
Bioderma Brightening Cream - Pigmentbio Sensitive Areas - Ex...,Bioderma,11599,11439,10,4,613,Skin - Body Care,In Stock,160
Cetaphil Gentle Cleansing & Moisturizing Combo,Cetaphil,11358,11249,8,5,402663,Skin - Body Care,In Stock,109
Xpel Aloe Vera Body Cream Moisturizing,Xpel,1550,1440,20,5,2,Skin - Body Care,In Stock,110
Ponds Light Moisturiser Non-Oily Fresh Feel With Vitamin E +...,Ponds,1715,1429,40,4,272883,Skin - Body Care,In Stock,286
Lotus Professional Phyto-Rx Rejuvina Herbcomplex Protective ...,Lotus,1685,1617,10,5,9519,Skin - Body Care,In Stock,68
Orimii Bump Hydrating Body Butter for Reducing Stretch Marks...,Orimii,1695,1660,5,4,166,Skin - Body Care,In Stock,35
FoxTale Hula Hoop Brightening Body Lotion by Foxtale  Brigh...,FoxTale,1499,1409,18,4,1198,Skin - Body Care,In Stock,90
Vaseline Healthy White Lightening Body Lotion,Vaseline,1565,1367,35,4,97364,Skin - Body Care,In Stock,198
Venusia Acne Control Moisturizer| Oily Skin Friendly| Lighte...,Venusia,1636,1522,18,4,447,Skin - Body Care,In Stock,114
Vit C Body Oil for Brightening Dryness Uneven Tone & Textu...,Vit,0,11350,0,5,96,Skin - Body Care,In Stock,0
The Body Shop Vitamin C Glow Boosting Moisturizer Boosts Rad...,The,12695,12426,10,4,2143,Skin - Body Care,In Stock,269
Lotus Herbals YouthRx Anti Ageing Transforming Face Cream SP...,Lotus,1835,1735,12,4,7462,Skin - Body Care,In Stock,100
Nykaa Wanderlust Body Scrub,Nykaa,1350,1228,35,4,167358,Skin - Body Care,In Stock,122
NIVEA Body Lotion Aloe Hydration with Aloe Vera for Smoot...,NIVEA,0,1849,0,5,21477,Skin - Body Care,In Stock,0
Bioderma Atoderm Intensive Gel Creme Moisturizer,Bioderma,11099,1769,30,5,643,Skin - Body Care,In Stock,9330
Cetaphil Baby Daily Lotion With Organic Calendula for Face &...,Cetaphil,11599,11487,7,5,1175,Skin - Body Care,In Stock,112
Cetaphil Cleansing Moisturizing Syndet Bar,Cetaphil,1300,1180,40,4,714,Skin - Body Care,In Stock,120
The Face Shop Korean Jeju Aloe Vera Soothing Gel with Vitami...,The,1490,1466,5,5,7209,Skin - Body Care,In Stock,24
Forest Essentials Hydrating Facial Moisturiser with SPF 25 -...,Forest,0,11695,0,4,2054,Skin - Body Care,In Stock,0
Cetaphil Baby Wash & Shampoo with Organic Calendula,Cetaphil,11499,11379,8,5,1321,Skin - Body Care,In Stock,120
Be Bodywise 10% Niacinamide Body Lotion - 48H Moisturization...,Be,1499,1399,20,4,2154,Skin - Body Care,In Stock,100
Chemist At Play Lactic Acid Exfoliating Body Wash (236)& AHA...,Chemist,1798,1629,21,5,85452,Skin - Body Care,In Stock,169
Lotus Herbals SafeSun UV Screen Matte Gel Sunscreen SPF 50 P...,Lotus,1615,1541,12,4,117940,Skin - Body Care,In Stock,74
Cetaphil Gentle Skin Cleanser & Sun SPF 50 Light Gel Combo,Cetaphil,11758,11617,8,4,301071,Skin - Body Care,In Stock,141
Plum BodyLovin Vanilla Caramello Bestselling Body Lotion for...,Plum,1375,1323,14,5,33080,Skin - Body Care,In Stock,52
The Body Shop British Rose Body Yogurt 48-Hour Hydration  ...,The,11295,11230,5,5,3978,Skin - Body Care,In Stock,65
Be Bodywise 20% Urea Body Lotion - Advanced Formulation,Be,0,1599,0,5,178,Skin - Body Care,In Stock,0
The Body Shop Shea Body Butter,The,11195,11135,5,5,1667,Skin - Body Care,In Stock,60
Vaseline Intensive Care Aloe Fresh Body Lotion,Vaseline,1799,1479,40,5,31577,Skin - Body Care,In Stock,320
Wishcare Detan Combo Sunscreen SPF 50 Broad Spectrum & 10% A...,Wishcare,1998,1758,24,4,56630,Skin - Body Care,In Stock,240
The Derma Co 1% Kojic Acid Body Lotion for Daily Glow and Sk...,The,1399,1355,11,4,3493,Skin - Body Care,In Stock,44
Orimii Belly Treatment Elixir - Body Oil For Stretch Marks; ...,Orimii,1695,1660,5,4,142,Skin - Body Care,In Stock,35
Aveeno Baby Soothing Relief Face & Body Moisture Cream - Oat...,Aveeno,1600,1570,5,4,1038,Skin - Body Care,In Stock,30
Dot & Key Vitamin C + E Super Bright Body Lotion With Blood...,Dot,1395,1316,20,4,1718,Skin - Body Care,In Stock,79
Fixderma 2% Salicylic Acid Salyzap Body Acne Spray,Fixderma,1350,1298,15,4,1540,Skin - Body Care,In Stock,52
Minimalist 5% Niacinamide Body Lotion With Shea Butter Glyc...,Minimalist,1299,1284,5,5,3272,Skin - Body Care,In Stock,15
Dove Exfoliating Body Polish Scrub - Crushed Almond And Mang...,Dove,1799,1639,20,5,1789,Skin - Body Care,In Stock,160
NIVEA Body Lotion for Dry Skin Shea Smooth with Shea Butte...,NIVEA,0,1599,0,5,49352,Skin - Body Care,In Stock,0
Plum BodyLovin Marshmallow Melt Body Lotion With Shea Butter...,Plum,1495,1426,14,4,1165,Skin - Body Care,In Stock,69
Nat Habit Natural Sun Dried Bath Loofah Body Sponge Scrubb...,Nat,1278,1234,16,4,3224,Skin - Body Care,In Stock,44
Aroma Magic Sunblock Lotion SPF++30 UVA/UVB,Aroma,1225,1198,12,4,32692,Skin - Body Care,In Stock,27
Victoria's Secret Velvet Petals Fragrance Lotion,Victoria's,12699,11619,40,5,751,Skin - Body Care,In Stock,1080
The Body Shop British Rose Body Butter 96-Hour Moisture Ro...,The,11495,11181,21,4,5204,Skin - Body Care,In Stock,314
Victoria's Secret Bare Vanilla Body Lotion,Victoria's,12699,11619,40,4,11,Skin - Body Care,In Stock,1080
Plum BodyLovin Vanilla Vibes Sugar Body Scrub,Plum,1550,1473,14,4,3762,Skin - Body Care,In Stock,77
Aveeno Dermexa Daily Emollient Cream | Oat + Ceramide Face &...,Aveeno,11650,11568,5,5,800,Skin - Body Care,In Stock,82
Sanfe Back & Bum Cream For Dark Spots And Body Acne,Sanfe,1399,1391,2,4,698,Skin - Body Care,In Stock,8
Earth Rhythm Hand Cream,Earth,1249,1162,35,4,3180,Skin - Body Care,In Stock,87
Dove Revitalizing Body Wash With Scented Peach And Vitamin C,Dove,1600,1462,23,4,2083,Skin - Body Care,In Stock,138
Pilgrim Squalane Roll-On Under Eye Eream Serum with Phyto-Re...,Pilgrim,1400,1340,15,4,2799,Skin - Body Care,In Stock,60
LakmĂ© Peach Intense Moisturiser 2% Pro Ceramide Skin Barrie...,LakmĂ©,0,199,0,4,5812,Skin - Body Care,In Stock,0
Pilgrim Red Vine Night Gel Creme with Retinol Mulberry,Pilgrim,1650,1468,28,4,3291,Skin - Body Care,In Stock,182
Dermatouch Kojic Acid 1% Soap With Glutathione,Dermatouch,1170,1136,20,4,1062,Skin - Body Care,In Stock,34
Wanderlust Japanese Cherry Blossom Body Butter,Wanderlust,1550,1358,35,4,130380,Skin - Body Care,In Stock,192
Pilgrim French Red Vine Youthful Glow Moisturizer SPF 30 wit...,Pilgrim,1550,1479,13,4,4397,Skin - Body Care,In Stock,71
Cetaphil Cleansing + Hydrating Regime,Cetaphil,11248,11148,8,5,370490,Skin - Body Care,In Stock,100
Wishcare Multi-Vitamin Brightening Body Lotion - 5% Vitamin ...,Wishcare,1499,1399,20,4,1435,Skin - Body Care,In Stock,100
Joy Honey & Almonds Lightweight Body Lotion with Shea Butter...,Joy,1550,1385,30,4,9046,Skin - Body Care,In Stock,165
Venusia Ceraplus Lotion For Dry Skin,Venusia,1890,1730,18,4,294,Skin - Body Care,In Stock,160
Forest Essentials After Bath Oil Mashobra Honey & Vanilla Na...,Forest,0,11850,0,5,744,Skin - Body Care,In Stock,0
Lakme Peach Pro Ceramide Moisturizer with Vitamin EFor Dry ...,Lakme,1499,1349,30,4,15899,Skin - Body Care,In Stock,150
The Body Shop Shea Nourishing Body Lotion,The,1895,1850,5,5,477,Skin - Body Care,In Stock,45
Aveeno Baby Daily Moisturizing Lotion & Wash Shampoo Combo |...,Aveeno,12020,11664,18,4,5740,Skin - Body Care,In Stock,356
Dove Dryness Care Body Wash With Jojoba Oil,Dove,1600,1462,23,4,3118,Skin - Body Care,In Stock,138
Sol de Janeiro Bom Dia Jet Set,Sol,0,13200,0,5,607,Skin - Body Care,In Stock,0
Feel Good Club Bath Loofah - Large Size Shower Sponge For Bo...,Feel,1100,175,25,4,507,Skin - Body Care,In Stock,925
Cetaphil Skin Care Regime For Oily Skin,Cetaphil,11538,11415,8,4,176716,Skin - Body Care,In Stock,123
Vaseline Derma Care Advanced Repair Body Lotion,Vaseline,1490,1294,40,5,18657,Skin - Body Care,In Stock,196
Fixderma 2% Salicylic Acid + 2% Azelaic Acid Salyzap AZ Acne...,Fixderma,0,1845,0,4,216,Skin - Body Care,In Stock,0
Ponds Triple Vitamin Moisturising Body Lotion,Ponds,1835,1585,30,4,4589,Skin - Body Care,In Stock,250
Neutrogena Norwegian Formula Daily Moisturizing Body Lotion ...,Neutrogena,1850,1782,8,5,1752,Skin - Body Care,In Stock,68
Lux Luxurious Sandalwood Body Wash,Lux,1109,198,10,4,509,Skin - Body Care,In Stock,911
Wanderlust Japanese Cherry Blossom Scrub,Wanderlust,1350,1228,35,4,167358,Skin - Body Care,In Stock,122
Jeva Foot Spa & Multi-Area Exfoliating Scrub - Intensive Car...,Jeva,1325,1165,49,4,1166,Skin - Body Care,In Stock,160
mCaffeine 11% AHA BHA Strawberry Body Lotion for Smooth Skin...,mCaffeine,1499,1424,15,4,123,Skin - Body Care,In Stock,75
Cetaphil Baby Massage Oil With Shea Butter,Cetaphil,1799,1735,8,5,784,Skin - Body Care,In Stock,64
Suganda Lactic Body Lotion with 5% LAImproves Skin Texture ...,Suganda,0,1650,0,4,2541,Skin - Body Care,In Stock,0
Be Bodywise De-Tan SPF 50+ Body Sunscreen Lotion PA++++,Be,1599,1569,5,0,0,Skin - Body Care,In Stock,30
FoxTale Hula Hoop HydraLock Body Wash 24-Hrs Long Hydration...,FoxTale,1349,1279,20,4,756,Skin - Body Care,In Stock,70
Wanderlust French Lavender Body Butter,Wanderlust,1550,1358,35,4,130380,Skin - Body Care,In Stock,192
Bath & Body Works In The Stars Ultimate Hydration Body Cream,Bath,12299,11599,30,5,151,Skin - Body Care,In Stock,700
Foxtale Hula Hoop Ultra Nourishing Body Lotion Hydrates & R...,Foxtale,1349,1279,20,5,752,Skin - Body Care,In Stock,70
Cetaphil Bright Healthy Radiance Body Lotion,Cetaphil,11699,11546,9,4,483,Skin - Body Care,In Stock,153
NIVEA Soft Light Cream - Pack Of 2,NIVEA,0,1800,0,5,241915,Skin - Body Care,In Stock,0
Dermafique Intensive Restore Body Lotion Serum For Dry Skin...,Dermafique,1699,1489,30,4,1398,Skin - Body Care,In Stock,210
Forest Essentials After Bath Oil Indian Rose Absolute Ayurve...,Forest,0,11850,0,5,542,Skin - Body Care,In Stock,0
Lotus Professional PhytoRx Anti-Blemish Face Cream Glowing ...,Lotus,1865,1779,10,4,1881,Skin - Body Care,In Stock,86
Dot & Key Blueberry Hydrate Barrier Repair Body Lotion Long...,Dot,1395,1316,20,4,1016,Skin - Body Care,In Stock,79
Venusia Baby Intensive Moisturizing Lotion For Dry & Ultra D...,Venusia,1801,1657,18,5,91,Skin - Body Care,In Stock,144
Nat Habit Pure Virgin Coconut Baby Oil,Nat,1605,1484,20,4,421,Skin - Body Care,In Stock,121
Minimalist SPF 30 Body Lotion With Vitamin E Gylcerin & Gre...,Minimalist,1499,1474,5,5,1652,Skin - Body Care,In Stock,25
NIVEA Soft Light Moisturizing Cream Berry Blossom Fragrance ...,NIVEA,0,1290,0,4,24492,Skin - Body Care,In Stock,0
Be Bodywise Triple Milk Deep Hydrating Body Wash - For Dry &...,Be,1549,1500,9,5,145,Skin - Body Care,In Stock,49
L'Occitane Almond Milk Concentrate,L'Occitane,1850,1808,5,5,173,Skin - Body Care,In Stock,42
The Body Shop Strawberry Body Yogurt 48-Hour Hydration Str...,The,11295,11230,5,5,1704,Skin - Body Care,In Stock,65
Dove Energising Body Wash With Lemon Scent And Vitamin C,Dove,1600,1360,40,4,622,Skin - Body Care,In Stock,240
Pilgrim Aloe Vera Gel With Vitamin E For Glowing Skin & Hair,Pilgrim,1275,1248,10,4,971,Skin - Body Care,In Stock,27
Forest Essentials After Bath Oil Nargis Ayurvedic Moisturizi...,Forest,0,11850,0,5,514,Skin - Body Care,In Stock,0
Wishcare Collagen 1% Retinol Body Lotion For Skin Tightening...,Wishcare,1499,1399,20,4,817,Skin - Body Care,In Stock,100
Dove Exfoliating Body Polish Scrub - Oatmeal & Calendula Oil,Dove,1799,1639,20,4,986,Skin - Body Care,In Stock,160
Suganda Lactic Body Lotion with 5% LA Improves Skin Texture...,Suganda,0,11295,0,5,418,Skin - Body Care,In Stock,0
MCaffeine Choco Body Butter - 72Hrs Non-Sticky Moisturizatio...,MCaffeine,1299,1284,5,4,4605,Skin - Body Care,In Stock,15
MCaffeine Shimmer Body Butter with Cocoa Butter for Shimmery...,MCaffeine,1449,1404,10,4,1720,Skin - Body Care,In Stock,45
Plum Bodylovin' Best Of Vanilla Vibes Combo,Plum,11830,11482,19,4,107283,Skin - Body Care,In Stock,348
VILVAH Foot Cream For Cracked Chapped Or Calloused Feet hel...,VILVAH,0,1395,0,4,665,Skin - Body Care,In Stock,0
Wishcare Pure & Unscented Glycerine Oil For Healthy Skin & H...,Wishcare,1349,1297,15,4,3118,Skin - Body Care,In Stock,52
Nature's Essence Lacto Bleach Natural Milk Bleach Without Ac...,Nature's,1200,1170,15,4,3737,Skin - Body Care,In Stock,30
Cetaphil Cleansing & Hydrating Combo For Normal To Dry Skin,Cetaphil,11224,11126,8,5,325065,Skin - Body Care,In Stock,98
Parachute Advansed Cocoa Repair Body Lotion  Intense Moistu...,Parachute,1220,1110,50,4,670,Skin - Body Care,In Stock,110
Keya Seth Aromatherapy Skin Defence Orange Body Oil,Keya,1320,1256,20,4,2390,Skin - Body Care,In Stock,64
Jeva Coffee Face & Body Exfoliating Gel Scrub - Removes Dead...,Jeva,1325,1165,49,4,1033,Skin - Body Care,In Stock,160
Mamaearth Vitamin C Sunscreen Body Lotion SPF 30 With Vitami...,Mamaearth,1399,1367,8,4,1597,Skin - Body Care,In Stock,32
Victoria's Secret Bombshell Body Lotion,Victoria's,12999,11799,40,4,7,Skin - Body Care,In Stock,1200
Love Beauty & Planet Murumuru Butter & Rose Moisturising Bod...,Love,1550,1462,16,4,3967,Skin - Body Care,In Stock,88
The Body Shop Almond Milk Body Yogurt 48-Hour Hydration Fo...,The,11295,11230,5,5,961,Skin - Body Care,In Stock,65
The Face Shop Jeju Aloe Fresh Soothing Gel Tube Pure Non St...,The,1490,1466,5,5,1441,Skin - Body Care,In Stock,24
The Body Shop Strawberry Softening Body Polish Scrub,The,11195,11135,5,5,873,Skin - Body Care,In Stock,60
The Body Shop British Rose Shower Gel & Body Yogurt Combo,The,11690,11268,25,5,38110,Skin - Body Care,In Stock,422
Lotus Professional dermoSpa Brazilian Anti-Ageing Skin Firmi...,Lotus,1995,1896,10,4,610,Skin - Body Care,In Stock,99
Chemist at Play Anti-Aging Body Lotion With 4% Retinol Niac...,Chemist,1349,1299,14,4,1834,Skin - Body Care,In Stock,50
Wishcare Sunscreen Body Lotion SPF 50 Broad Spectrum PA+++ U...,Wishcare,1998,1758,24,4,41649,Skin - Body Care,In Stock,240
Biotique Bio Morning Nectar Visibly Flawless Skin Moisturize...,Biotique,11490,1820,45,5,256,Skin - Body Care,In Stock,9670
MCaffeine Coffee Body Scrub With Berries,MCaffeine,1449,1395,12,4,3728,Skin - Body Care,In Stock,54
Victoria's Secret Velvet Petals Shimmer Fragrance Lotion,Victoria's,12499,11499,40,4,169,Skin - Body Care,In Stock,1000
The Body Shop Almond Milk Soothing Body Lotion,The,11295,1842,35,5,277,Skin - Body Care,In Stock,9453
Victoria's Secret Love Spell Fragrance Lotion,Victoria's,12699,11619,40,4,267,Skin - Body Care,In Stock,1080
O3+ Ultra Healing Brightening Body Lotion Moisturiser With H...,O3+,1499,1474,5,4,706,Skin - Body Care,In Stock,25
Biluma Skin Brightening Lotion Vitamin E Fades Fine Lines ...,Biluma,11089,1958,12,4,204,Skin - Body Care,In Stock,9131
Clinique SPF 50 With/Avec UVA UVB Protection Face Cream,Clinique,13300,12970,10,4,236,Skin - Body Care,In Stock,330
Biluma Cream for Sensitive Areas Bright & Even Toned Skin ...,Biluma,1966,1850,12,4,144,Skin - Body Care,In Stock,116
Physiogel Calming Relief Anti Irritant - Body Lotion,Physiogel,0,1730,0,5,389,Skin - Body Care,In Stock,0
Depiwhite Advanced Skin Lightening Cream,Depiwhite,11606,11317,18,4,79,Skin - Body Care,In Stock,289
Skinvest Bomb bum cream for Stretch Marks + Cellulite,Skinvest,11999,11399,30,4,22,Skin - Body Care,In Stock,600
Wanderlust Mediterranean Sea Salt Gel Body Scrub,Wanderlust,1350,1228,35,4,167358,Skin - Body Care,In Stock,122
The Body Shop Strawberry Body Butter,The,11495,11181,21,4,781,Skin - Body Care,In Stock,314
Majestique Long Handle Loofah (Colour May Vary),Majestique,1199,1179,10,4,412,Skin - Body Care,In Stock,20
Palmolive Coconut & Jojoba Butter Coconut Joy Exfoliating &...,Palmolive,1279,1223,20,5,3723,Skin - Body Care,In Stock,56
Wanderlust Mediterranean Sea Salt Body Butter,Wanderlust,1550,1358,35,4,130380,Skin - Body Care,In Stock,192
Biotique Bio Morning Nectar Visibly Flawless Sun Protector S...,Biotique,1340,1272,20,4,4611,Skin - Body Care,In Stock,68
The Body Shop Almond Milk Soothing Body Butter,The,11495,11181,21,4,641,Skin - Body Care,In Stock,314
Ponds Triple Vitamin Moisturizing Lotion,Ponds,1415,1332,20,4,10869,Skin - Body Care,In Stock,83
Himalaya Natural Glow Kesar Face Cream,Himalaya,155,146,16,4,6251,Skin - Body Care,In Stock,9
Sanfe Instalite Detan Wipe Off Body Cream Tan Removal Detan...,Sanfe,1699,1685,2,4,1978,Skin - Body Care,In Stock,14
Nat Habit Pure Almond Baby Oil,Nat,11248,1998,20,4,240,Skin - Body Care,In Stock,9250
Parachute Advansed Soft Touch Body Lotion For Women & Men - ...,Parachute,1198,199,50,4,856,Skin - Body Care,In Stock,999
Cetaphil Oil Skin Cleansing & Moisturizing Combo,Cetaphil,11648,11516,8,4,209031,Skin - Body Care,In Stock,132
Aveeno Daily Moisturising Lotion Pack of 2 | Body Moisturize...,Aveeno,12520,12192,13,5,10952,Skin - Body Care,In Stock,328
Jergens Enriching Shea Butter Moisturizer,Jergens,1649,1584,10,5,93,Skin - Body Care,In Stock,65
Vaseline Light Hydrate 48hr Serum In Lotion,Vaseline,1565,1367,35,4,1762,Skin - Body Care,In Stock,198
St. Ives Hydrating Vitamin E & Avocado Body Lotion 100% Nat...,St.,1399,1279,30,4,928,Skin - Body Care,In Stock,120
Venusia Baby Intensive Moisturizing Cream For Dry & Ultra Dr...,Venusia,1367,1301,18,4,127,Skin - Body Care,In Stock,66
NIVEA Body Lotion for Normal Skin Express Hydration for Fa...,NIVEA,0,1625,0,5,5368,Skin - Body Care,In Stock,0
Skinvest Bye Bye Bumps - Exfoliating Body Mist,Skinvest,1799,1759,5,5,19,Skin - Body Care,In Stock,40
Dermatouch Kojic Acid 1% Soap With Glutathione - Pack Of 2,Dermatouch,1340,1272,20,4,312,Skin - Body Care,In Stock,68
Johnson's Baby Cream,Johnson's,1400,1320,20,5,90,Skin - Body Care,In Stock,80
hoop Epsom Pure Salt For Foot Soak - Lavender & Chamomile,hoop,1440,1396,10,5,21,Skin - Body Care,In Stock,44
Physiogel Daily Moisture Therapy - Body Lotion,Physiogel,0,1660,0,5,401,Skin - Body Care,In Stock,0
Bath & Body Works Butterfly Body Lotion,Bath,12199,11549,30,5,28,Skin - Body Care,In Stock,650
Be Bodywise 1% Salicylic Acid Body Wash + 10% Niacinamide Bo...,Be,1789,1663,16,4,1306,Skin - Body Care,In Stock,126
Lotus Herbals Whiteglow Skin Whitening & Brightening Hand & ...,Lotus,1385,1339,12,4,4253,Skin - Body Care,In Stock,46
Cetaphil Gentle Skin Cleanser & Sun SPF 30 Light Gel Combo,Cetaphil,11858,11709,8,5,282096,Skin - Body Care,In Stock,149
Vaseline Healthy Bright Complete 10 Body Lotion,Vaseline,1500,1325,35,4,22781,Skin - Body Care,In Stock,175
Dermafique Aqua Surge Body Lotion Serum For Luminous Skin W...,Dermafique,1549,1384,30,5,642,Skin - Body Care,In Stock,165
MCaffeine Body Polishing Kit - Exfoliation Tan Removal & Mo...,MCaffeine,1578,1520,10,5,273356,Skin - Body Care,In Stock,58
The Body Shop Moringa Body Yogurt,The,11295,11230,5,5,404,Skin - Body Care,In Stock,65
VLCC Bright Glow Sunscreen Body Lotion SPF 30 PA+++,VLCC,1399,1351,12,4,3010,Skin - Body Care,In Stock,48
The Body Shop Dewberry Shower Gel,The,0,1595,0,5,11,Skin - Body Care,In Stock,0
Venusia Derm Moisturizing Lotion | 24-hour Intense Hydration...,Venusia,1403,1330,18,5,142,Skin - Body Care,In Stock,73
The Body Shop Moringa Body Lotion,The,1895,1618,31,5,26,Skin - Body Care,In Stock,277
Nat Habit Cold Processed Neem Basil Butter Bath Soap- Antiba...,Nat,1217,1184,15,5,246,Skin - Body Care,In Stock,33
Joy Honey & Almonds Nourishing Skin Cream,Joy,1595,1415,30,4,2700,Skin - Body Care,In Stock,180
Forest Essentials After Bath Oil Oudh & Green Tea Ayurvedic ...,Forest,0,11850,0,5,296,Skin - Body Care,In Stock,0
Wanderlust French Lavender Gel Body Scrub,Wanderlust,1350,1228,35,4,167358,Skin - Body Care,In Stock,122
Dr. Sheth's Kesar & Kojic Acid Body Lotion,Dr.,1349,1314,10,4,669,Skin - Body Care,In Stock,35
Nat Habit Active Orange Kiwi Vitamin C Face Gel Moisturiser ...,Nat,1471,1391,17,4,156,Skin - Body Care,In Stock,80
Biotique Avocado Stress Relief Body Massage Oil,Biotique,1200,1160,20,4,2789,Skin - Body Care,In Stock,40
VLCC Honey Moisturiser,VLCC,1329,1322,2,5,1786,Skin - Body Care,In Stock,7
Victoria's Secret Bare Vanilla Shimmer Fragrance Lotion,Victoria's,12699,11619,40,5,1,Skin - Body Care,In Stock,1080
Dermatouch Kojic Acid 1% Soap With Glutathione - Pack Of 3,Dermatouch,1510,1408,20,5,205,Skin - Body Care,In Stock,102
Khadi Natural Jasmine Massage Oil with a Floral Touch of Cal...,Khadi,1210,1151,28,4,636,Skin - Body Care,In Stock,59
Pears Naturale Vitamin C Body Wash For Refreshed & Radiant S...,Pears,1525,1404,23,4,509,Skin - Body Care,In Stock,121
Cetaphil Restoraderm Wash+moisturizer Combo,Cetaphil,14799,14415,8,5,1825,Skin - Body Care,In Stock,384
Be Bodywise Back Acne Kit - 1% Salicylic Acid Body Wash & 10...,Be,1998,1798,20,5,15997,Skin - Body Care,In Stock,200
iUNIK Centella Calming Gel Cream,iUNIK,0,11450,0,4,41,Skin - Body Care,In Stock,0
MCaffeine By The Blues Perfume Body Lotion With 5% Brighteni...,MCaffeine,1449,1359,20,4,32,Skin - Body Care,In Stock,90
L'Occitane Verveine (Verbena) Liquid Hand Soap Refill,L'Occitane,0,12930,0,4,8,Skin - Body Care,In Stock,0
Be Bodywise 1% Salicylic Acid Body Wash & 4% AHA BHA Underar...,Be,1698,1649,7,4,100254,Skin - Body Care,In Stock,49
St. Ives Renewing Collagen & Elastin Body Lotion 100% Natur...,St.,1475,1333,30,4,601,Skin - Body Care,In Stock,142
PureSense Macadamia Deep Moisturising Body Oil Rose Petal - ...,PureSense,1350,1263,25,5,511,Skin - Body Care,In Stock,87
The Body Shop Olive Body Butter,The,11195,11135,5,5,202,Skin - Body Care,In Stock,60
Sanfe Dailylite Tan Removal Body Lotion For Women Remove Tan...,Sanfe,1399,1391,2,4,233,Skin - Body Care,In Stock,8
Auravedic Anti Ageing Serum Face Oil For Glowing Skin With A...,Auravedic,1450,1396,12,4,155,Skin - Body Care,In Stock,54
Bath & Body Works Butterfly Body Wash,Bath,12299,11599,30,4,12,Skin - Body Care,In Stock,700
Chemist at Play Hydrating Body Lotion with Rice Water & Hyal...,Chemist,1299,1249,17,5,343,Skin - Body Care,In Stock,50
Nat Habit Cold Process Ayurvedic Chandan Sandalwood Handmade...,Nat,1434,1356,18,4,388,Skin - Body Care,In Stock,78
Victoria's Secret Romantic Body Lotion,Victoria's,12699,11619,40,4,50,Skin - Body Care,In Stock,1080
The Body Shop British Rose Shower Gel & Body Butter Combo,The,11890,11418,25,5,35109,Skin - Body Care,In Stock,472
Victoria's Secret Temptation Fragrance Lotion,Victoria's,12699,11619,40,4,112,Skin - Body Care,In Stock,1080
Lotus Herbals Safe Sun UV Protect Body Lotion SPF 25 PA+++ ...,Lotus,1380,1334,12,4,1613,Skin - Body Care,In Stock,46
WOW Skin Science Shea Butter With Lactic Acid Body Lotion - ...,WOW,0,1469,0,4,5602,Skin - Body Care,In Stock,0
Elovera Pro Cream,Elovera,1363,1345,5,4,47,Skin - Body Care,In Stock,18
Khadi Natural Coconut Milk & Honey Handmade Soap Remove Acne...,Khadi,190,176,16,5,1834,Skin - Body Care,In Stock,14
Jeva Apricot Body Scrub - Exfoliating & Dark Spot Reducing G...,Jeva,1325,1165,49,4,447,Skin - Body Care,In Stock,160
Be Bodywise Back Acne Kit - 1% Salicylic Acid Body Wash & 10...,Be,1998,1719,28,4,114,Skin - Body Care,In Stock,279
Fiama De Tan Body Scrub With 1% Niacinamide,Fiama,1499,1449,10,5,14,Skin - Body Care,In Stock,50
Wanderlust Sicilian Sweet Pea Floral Fragrance Moisturising ...,Wanderlust,1550,1358,35,4,448504,Skin - Body Care,In Stock,192
Bath & Body Works Dark Kiss Ultimate Hydration Body Cream,Bath,12299,11599,30,4,65,Skin - Body Care,In Stock,700
The Body Shop Dewberry Body Butter,The,0,11695,0,5,5,Skin - Body Care,In Stock,0
Nat Habit Cold Process Milk Rosehip Butter Bath Soap - Vit C...,Nat,1217,1184,15,4,392,Skin - Body Care,In Stock,33
Glamveda Glutathione Skin Lightening & Radiance Soap,Glamveda,1150,1111,26,4,281,Skin - Body Care,In Stock,39
MCaffeine D-Tan Exfoliating Coffee Body Scrub for Soft-Smoot...,MCaffeine,1898,1763,15,5,264158,Skin - Body Care,In Stock,135
Forest Essentials After Bath Oil Iced Pomegranate & Kerala L...,Forest,0,1775,0,4,162,Skin - Body Care,In Stock,0
NIVEA Soft Light Moisturizer Cream Peppy Pomegranate For Han...,NIVEA,0,1290,0,4,2349,Skin - Body Care,In Stock,0
Fixderma Shadow Tan Removal Lotion,Fixderma,1495,1396,20,4,25,Skin - Body Care,In Stock,99
Sanfe Spotlite Sensitive Body Serum For Dark Underarms 2% G...,Sanfe,1399,1391,2,4,3171,Skin - Body Care,In Stock,8
NIVEA Men Creme Non Greasy Moisturizer Cream for Face Bod...,NIVEA,0,1275,0,5,3394,Skin - Body Care,In Stock,0
Biotique Bio Vera Ultra Soothing Body Lotion 75 + SPF UVA/UV...,Biotique,1875,1700,20,4,479,Skin - Body Care,In Stock,175
Khadi Natural Milk & Saffron Hand Cream for Dryness Pigment...,Khadi,1300,1201,33,5,56,Skin - Body Care,In Stock,99
NIVEA MEN Creme Non Greasy Moisturizer Cream for Face Bod...,NIVEA,0,199,0,4,1450,Skin - Body Care,In Stock,0
BAKE Exfoliating Bath Glove for Dead SkinTan Removal Straw...,BAKE,1349,1332,5,5,258,Skin - Body Care,In Stock,17
Nat Habit 100% Pure Cold Pressed Almond Oil,Nat,1447,1371,17,4,208,Skin - Body Care,In Stock,76
Mamaearth Rice Water Moisturizing Body Wash With Rice Water ...,Mamaearth,1299,1275,8,4,93,Skin - Body Care,In Stock,24
Plum BodyLovin Vanilla Caramello Body Lotion With Cocoa Butt...,Plum,1950,1770,19,5,50950,Skin - Body Care,In Stock,180
Pilgrim 2% Vitamin C Oil - Free Moisturizer,Pilgrim,1350,1298,15,5,348,Skin - Body Care,In Stock,52
Jovees Premium Sun Shield Protective Lotion Spf 40 Matte Tin...,Jovees,1495,1386,22,4,1076,Skin - Body Care,In Stock,109
Aroma Magic 5 in 1 Facial Kit Salon Range,Aroma,11270,11118,12,4,177,Skin - Body Care,In Stock,152
Cetaphil Oily Skin Cleanser & Hydrating Combo For Sensitive ...,Cetaphil,11514,11393,8,5,131305,Skin - Body Care,In Stock,121
Fixderma 17% Vitamin C Face Serum With Retinol & Niacinamide,Fixderma,1699,1594,15,4,101,Skin - Body Care,In Stock,105
Vaseline Cocoa Glow Lotion With Rosy Lip Tin For Glowing Ski...,Vaseline,1860,1632,27,5,209394,Skin - Body Care,In Stock,228
The Body Shop British Rose Lotion-To-Milk,The,0,1895,0,2,1,Skin - Body Care,In Stock,0
Jo Malone London Peony & Blush Suede Body and Hand Wash,Jo,0,12500,0,4,16,Skin - Body Care,In Stock,0
Jeva Skin Lightening Scrub Face & Body Exfoliates Removes D...,Jeva,1325,1165,49,4,122,Skin - Body Care,In Stock,160
Juicy Chemistry 100% Organic Castor Cold Pressed Carrier Oil,Juicy,0,1230,0,4,1103,Skin - Body Care,In Stock,0
Aroma Magic Sunscreen SPF 70+ Face And Body Lotion,Aroma,1695,1612,12,5,96,Skin - Body Care,In Stock,83
Juicy Chemistry 100% Organic Pumpkin Seed Cold Pressed Carri...,Juicy,0,1475,0,4,481,Skin - Body Care,In Stock,0
The Body Shop Almond Milk & Honey Soothing & Caring Cleansin...,The,1395,1375,5,4,377,Skin - Body Care,In Stock,20
Lotus Herbals Radiance Boost Ubtan Face Scrub Turmeric San...,Lotus,1310,1273,12,4,1124,Skin - Body Care,In Stock,37
Fiama Japanese Hokkaido Milk & Goji Berry Moisturizing Soap ...,Fiama,1314,1161,49,5,157,Skin - Body Care,In Stock,153
Moody 7D Hydroburst Beach Please Body Lotion With SPF 30 Hya...,Moody,1495,1421,15,5,110,Skin - Body Care,In Stock,74
Fiama Strawberry Skin Polishing Body Scrub,Fiama,1499,1449,10,5,14,Skin - Body Care,In Stock,50
Elizabeth Arden Eight Hour Cream Skin Protectant Original,Elizabeth,12300,12070,10,4,107,Skin - Body Care,In Stock,230
SEREKO Vit C Brightening Body Oil for Glowing Skin-Intense M...,SEREKO,1850,1723,15,5,53,Skin - Body Care,In Stock,127
The Body Shop Dewberry Body Yogurt,The,0,11295,0,5,2,Skin - Body Care,In Stock,0
Nat Habit Pure Olive Baby Oil,Nat,1553,1470,15,4,383,Skin - Body Care,In Stock,83
Fiama Japanese Hokkaido Milk & Acai Berry Moisturizing Soap ...,Fiama,1314,1161,49,5,136,Skin - Body Care,In Stock,153
NIVEA Soft Light Moisturizer Cream Playful Peach For Hands A...,NIVEA,0,1499,0,4,3093,Skin - Body Care,In Stock,0
Fiama Japanese Hokkaido Milk & Acai Berr Moisturizing Soap B...,Fiama,179,143,45,4,113,Skin - Body Care,In Stock,36
Khadi Natural Rosewater Handmade Soap Remove Excess Oil,Khadi,190,176,16,5,2355,Skin - Body Care,In Stock,14
Auravedic Relaxing Body Massage Oil For Women Men Body Oil F...,Auravedic,1450,1396,12,4,196,Skin - Body Care,In Stock,54
GLAMOUR WORLD AYURVEDIC Glow Active,GLAMOUR,1235,1216,8,4,48,Skin - Body Care,In Stock,19
Nat Habit Fig Rose Prima Light Fresh Malai Lotion,Nat,1443,1368,17,4,163,Skin - Body Care,In Stock,75
Palmer's Shea Butter Daily Body Lotion Soothes Skin Irritat...,Palmer's,1650,1585,10,5,63,Skin - Body Care,In Stock,65
Ras Luxury Oils Brighten Exfoliating Aha Body Wash With Hima...,Ras,1990,1842,15,5,181,Skin - Body Care,In Stock,148
Dermafique Night Replenish Body Lotion Serum For Skin Restor...,Dermafique,1549,1384,30,5,691,Skin - Body Care,In Stock,165
The Body Shop Strawberry Shower Gel & Yogurt Combo,The,11790,11343,25,5,19463,Skin - Body Care,In Stock,447
Fiama Japanese Hokkaido Milk & Goji Berry Moisturizing Soap ...,Fiama,1140,177,45,5,137,Skin - Body Care,In Stock,963
Chemist At Play Lactic Acid Exfoliating Body Wash & AHA Unde...,Chemist,11198,1949,21,5,66926,Skin - Body Care,In Stock,9249
Love Beauty & Planet Murumuru Butter & Rose Moisturising Bod...,Love,1325,1273,16,4,660,Skin - Body Care,In Stock,52
Jo Malone London Wood Sage & Sea Salt Body and Hand Wash,Jo,0,12500,0,4,29,Skin - Body Care,In Stock,0
Aravi Organic 10% AHA + 1% BHA Exfoliating Body Lotion For T...,Aravi,1449,1369,18,5,210,Skin - Body Care,In Stock,80
Soulflower Ayurvedic Chandan Sandalwood Cleansing Handmade S...,Soulflower,1400,1380,5,4,294,Skin - Body Care,In Stock,20
Suganda Lactic Body Lotion Daily Lotion For Brightening Skin...,Suganda,0,1650,0,4,464,Skin - Body Care,In Stock,0
Palmer's Cocoa Butter Hand Cream For Intensive Relief Free ...,Palmer's,1550,1495,10,4,68,Skin - Body Care,In Stock,55
Jo Malone London English Pear & Freesia,Jo,0,16000,0,5,11,Skin - Body Care,In Stock,0
Jeva Natural & Pure Aloe Vera Gel for Skin & Hair - Hydratin...,Jeva,1325,1165,49,4,615,Skin - Body Care,In Stock,160
Fiama Japanese Hokkaido Milk & Blueberry Moisturizing Soap B...,Fiama,1314,1161,49,5,134,Skin - Body Care,In Stock,153
Be Bodywise 5% Lactic Acid Body Lotion - For Improving Skin ...,Be,1898,1763,15,4,9971,Skin - Body Care,In Stock,135
Aveeno Daily Moisturising Lotion Home + Travel Combo| Moistu...,Aveeno,11700,11529,10,5,21643,Skin - Body Care,In Stock,171
Vaseline Deep Moisture Silky Body Creme,Vaseline,1499,1374,25,4,638,Skin - Body Care,In Stock,125
Rahul Phate's Gaurangi Sun Screen Lotion,Rahul,0,1399,0,4,252,Skin - Body Care,In Stock,0
Colorbar Skin Care Hydra White Day Lotion SPF 15,Colorbar,1990,1812,18,4,123,Skin - Body Care,In Stock,178
MCaffeine Coffee De-Tan Kit - Remove Tan & Dead Skin,MCaffeine,11373,11126,18,5,351917,Skin - Body Care,In Stock,247
Indulgeo Essentials Hermosa Body Oil For Women Helps in Red...,Indulgeo,11800,11260,30,5,49,Skin - Body Care,In Stock,540
Fixderma Moisturizing Lotion Ideal For All Skin Types,Fixderma,1335,1285,15,4,356,Skin - Body Care,In Stock,50
Nature's Essence Glowing Gold++ Facial Kit,Nature's,1120,1108,10,4,1418,Skin - Body Care,In Stock,12
Cetaphil Baby Daily Lotion Pack Of 2,Cetaphil,11900,11748,8,5,11374,Skin - Body Care,In Stock,152
Victoria's Secret Midnight Bloom Body Lotion,Victoria's,12699,11619,40,5,60,Skin - Body Care,In Stock,1080
First Aid Beauty Ingrown Hair Treatment Pads,First,0,12350,0,5,7,Skin - Body Care,In Stock,0
Mamaearth Ubtan Sunscreen Body Lotion SPF 30 With Turmeric &...,Mamaearth,1399,1367,8,4,740,Skin - Body Care,In Stock,32
Pilgrim Red Vine Face Premium Ritual Combo Pack,Pilgrim,12200,11760,20,4,26321,Skin - Body Care,In Stock,440
Lotus Professional Phyto-Rx UV Screen Gel SPF 30 PA++,Lotus,1735,1662,10,5,452,Skin - Body Care,In Stock,73
Biotique Advanced Ayurveda Winter Cherry Body Lotion,Biotique,1345,1276,20,4,115,Skin - Body Care,In Stock,69
The Body Shop Olive Nourishing Body Lotion,The,11295,1919,29,5,109,Skin - Body Care,In Stock,9376
Foxtale Refreshed Glow Duo,Foxtale,1748,1598,20,4,6313,Skin - Body Care,In Stock,150
Nat Habit Cold Process Vitamin C Orange Handmade Butter Soap...,Nat,1217,1184,15,4,174,Skin - Body Care,In Stock,33
L'Occitane Shea Butter Hands & Body Verbena Lotion For Dry T...,L'Occitane,0,13200,0,4,11,Skin - Body Care,In Stock,0
Lakme Lumi Lit Lotion Body Highlighter & Strobe Cream With N...,Lakme,1599,1509,15,5,632,Skin - Body Care,In Stock,90
RAS Luxury Oils Brighten Tan Removing Body Scrub,RAS,11290,11161,10,5,44,Skin - Body Care,In Stock,129
Bath & Body Works Pure Wonder Super Smooth Body Lotion,Bath,12199,1880,60,5,119,Skin - Body Care,In Stock,10319
Elovera AD Lotion,Elovera,1530,1504,5,5,20,Skin - Body Care,In Stock,26
Mamaearth Vitamin C Moisturizing Body Wash with Vitamin C & ...,Mamaearth,1299,1275,8,4,52,Skin - Body Care,In Stock,24
Bath & Body Works Butterfly Ultimate Hydration Body Cream,Bath,12299,11599,30,5,20,Skin - Body Care,In Stock,700
Nat Habit Aloe Sauf Sun Protect Fresh Malai Lotion,Nat,1402,1334,17,4,96,Skin - Body Care,In Stock,68
L'Occitane Liquid Hand Soap Verveine (Verbena),L'Occitane,0,12950,0,4,24,Skin - Body Care,In Stock,0
Fiama Japanese Hokkaido Milk & Blueberry Moisturizing Soap B...,Fiama,1140,177,45,5,86,Skin - Body Care,In Stock,963
The Body Shop White Musk Body Lotion,The,11795,11077,40,4,34,Skin - Body Care,In Stock,718
Moroccanoil Body Butter|Argan Oil Shea&Mango Butters|Intense...,Moroccanoil,14860,14374,10,5,4,Skin - Body Care,In Stock,486
Naturali Sun & Pollution Defence Body Lotion,Naturali,1249,1129,48,5,257,Skin - Body Care,In Stock,120
Kama Ayurveda Rose And Jasmine Body Cleanser,Kama,0,11595,0,5,52,Skin - Body Care,In Stock,0
Jo Malone London English Pear & Freesia Body and Hand Wash,Jo,0,12500,0,4,24,Skin - Body Care,In Stock,0
Khadi Natural Anti Ageing Cream Reduce Fine Lines & Wrinkles,Khadi,1430,1267,38,4,341,Skin - Body Care,In Stock,163
Innisfree Black Tea Youth Enhancing Lotion - Firms & Revital...,Innisfree,11900,11710,10,4,80,Skin - Body Care,In Stock,190
Nat Habit Double Cocoa Intense Dermacare Fresh Malai Lotion,Nat,1471,1391,17,5,75,Skin - Body Care,In Stock,80
Palmer's Cocoa Butter Formula Heals Softens Fragrance Free B...,Palmer's,1650,1585,10,5,55,Skin - Body Care,In Stock,65
Palmer's Cocoa Butter Soothing Oil Spray For Dry Itchy Skin ...,Palmer's,1650,1585,10,5,44,Skin - Body Care,In Stock,65
Nat Habit Multi-Nut Shea Omega-3 Fresh Malai Lotion,Nat,1443,1368,17,4,93,Skin - Body Care,In Stock,75
Underated Salicylic Acid 2% Acne Free Body Wash,Underated,1299,1239,20,4,49,Skin - Body Care,In Stock,60
Hibiscus Monkey Cuddles Coffee & Toffee Body Balm Deeply Mo...,Hibiscus,1510,1485,5,5,2,Skin - Body Care,In Stock,25
Mamaearth Honey Malai Cold Cream With Honey & Malai,Mamaearth,1349,1321,8,4,723,Skin - Body Care,In Stock,28
Victoria's Secret Noir Tease Body Lotion,Victoria's,12999,11799,40,4,23,Skin - Body Care,In Stock,1200
Vaseline Deep Moisture Lotion With Rosy Lip Tin For Moisturi...,Vaseline,1810,1597,26,5,234071,Skin - Body Care,In Stock,213
L'Occitane Liquid Hand Soap Lavander,L'Occitane,0,13250,0,4,11,Skin - Body Care,In Stock,0
Khadi Natural Sandalwood Kesar Moisturiser for Soft Glowing ...,Khadi,1249,1179,28,4,176,Skin - Body Care,In Stock,70
Be Bodywise 5% Niacinamide Body Wash & 4% AHA BHA Underarm R...,Be,1698,1614,12,5,73739,Skin - Body Care,In Stock,84
WOW Skin Science Himalayan Rose Body Lotion,WOW,0,1469,0,4,2336,Skin - Body Care,In Stock,0
Khadi Natural Soap for Tanned Irritated and Tired-Looking S...,Khadi,1800,1512,36,4,5,Skin - Body Care,In Stock,288
Nat Habit Active Olive Night Vitamin E Face Gel Moisturiser ...,Nat,1471,1391,17,4,58,Skin - Body Care,In Stock,80
Cetaphil Winter Moisturizing Combo,Cetaphil,11688,11553,8,4,220135,Skin - Body Care,In Stock,135
Kama Ayurveda Organic Moringa Oil,Kama,0,12050,0,4,115,Skin - Body Care,In Stock,0
Palmer's Coconut Oil Body Lotion With Green Coffee Extract F...,Palmer's,1650,1585,10,4,29,Skin - Body Care,In Stock,65
Mamaearth Soothing Massage Oil For Babies 0 - 5 Years,Mamaearth,1399,1359,10,4,1900,Skin - Body Care,In Stock,40
Khadi Natural Almond & Kokum Body Butter Revives Dull Skin,Khadi,1600,1324,46,4,208,Skin - Body Care,In Stock,276
SANCTUS Bum & Thigh Skin Whitening Scrub,SANCTUS,1325,1260,20,4,60,Skin - Body Care,In Stock,65
Jo Malone London Peony & Blush Suede,Jo,0,16000,0,5,6,Skin - Body Care,In Stock,0
Joy 99% Pure Aloe Vera Gel For Face & Body For Repairing & S...,Joy,1270,1230,15,4,630,Skin - Body Care,In Stock,40
Moha Overnight Lotion Firm And Glowing Skin While You Sleep,Moha,1423,1360,15,5,39,Skin - Body Care,In Stock,63
Cinthol Lime Aqua Foaming Body Wash Glycerin Shower Gel Ref...,Cinthol,1120,1110,8,4,97,Skin - Body Care,In Stock,10
NIVEA Bestselling Bath And Body Combo,NIVEA,0,11129,0,5,446919,Skin - Body Care,In Stock,0
Namyaa Brightening Body Wash - 6% Brightening Complex With A...,Namyaa,1379,1349,8,4,6,Skin - Body Care,In Stock,30
Chemist At Play 10% Magnesium Body Lotion Relaxes Muscles Pr...,Chemist,1549,1479,13,4,4,Skin - Body Care,In Stock,70
Biosoft Charcoal Cream Refill Roll On Wax,Biosoft,1250,1188,25,4,18,Skin - Body Care,In Stock,62
Johnson's Milk + Rice Cream,Johnson's,1420,1336,20,4,835,Skin - Body Care,In Stock,84
Ciel HR+ Hair Growth Minimiser Cream,Ciel,1780,1647,17,5,62,Skin - Body Care,In Stock,133
Khadi Natural Vanilla Handmade Soap Anti-bacterial,Khadi,190,176,16,5,636,Skin - Body Care,In Stock,14
Soulflower Ayurvedic Vitamin C Orange Carrot Handmade Soap f...,Soulflower,1300,1285,5,4,136,Skin - Body Care,In Stock,15
Nat Habit Active Anti Acne Neem Tea Tree Face Gel Moisturise...,Nat,1459,1381,17,5,44,Skin - Body Care,In Stock,78
Be Bodywise 5% Niacinamide Body Wash + 5% Lactic Acid Body L...,Be,1798,1668,16,4,21157,Skin - Body Care,In Stock,130
Wanderlust Ethiopian Coffee Body Butter,Wanderlust,1550,1358,35,4,130380,Skin - Body Care,In Stock,192
L'Occitane Organic-Certified Pure Shea Butter,L'Occitane,0,11200,0,4,108,Skin - Body Care,In Stock,0
Kapiva Ayurveda Ghee Kumkumadi Body Butter,Kapiva,0,1599,0,4,206,Skin - Body Care,In Stock,0
Vaseline Light Hydrate Gel Body Creme,Vaseline,1499,1374,25,4,207,Skin - Body Care,In Stock,125
MCaffeine Exfoliating Coffee Face & Body Scrub Combo for Tan...,MCaffeine,1798,1670,16,5,323219,Skin - Body Care,In Stock,128
Nat Habit Fresh Bath Ubtan Masoor Body Scrub Skin Polishin...,Nat,1723,1578,20,4,299,Skin - Body Care,In Stock,145
SANCTUS Bum & Thigh Whitening Cream,SANCTUS,1295,1251,15,4,122,Skin - Body Care,In Stock,44
Nat Habit Tulsi Ashwagandha Maahu Ayurvedic Body Massage Oil,Nat,1628,1484,23,5,92,Skin - Body Care,In Stock,144
Khadi Natural White Musk Handmade Soap Smooth & Hydrated Ski...,Khadi,190,176,16,5,608,Skin - Body Care,In Stock,14
Hibiscus Monkey Cuddles Mogra Body Balm Deeply Moisturizes ...,Hibiscus,1510,1485,5,4,3,Skin - Body Care,In Stock,25
Khadi Natural Saffron Papaya Anti Wrinkle Cream Removes Fine...,Khadi,1375,1251,33,4,685,Skin - Body Care,In Stock,124
MCaffeine Coffee Moment Skin Care Gift Kit €“ Valentine€™s Day...,MCaffeine,11445,11228,15,5,2336,Skin - Body Care,In Stock,217
Perenne Broad Spectrum SPF 50 - For All Skin Types,Perenne,11000,1800,20,5,229,Skin - Body Care,In Stock,9200
Nabhi Sutra Daily Digestion Ayurvedic Belly Button Oil For M...,Nabhi,1589,1530,10,4,46,Skin - Body Care,In Stock,59
Kaya Intense Hydration Body Lotion,Kaya,1490,1392,20,5,387,Skin - Body Care,In Stock,98
Nat Habit Active Beetroot Tomato Vitamin A Face Gel Moisturi...,Nat,1459,1381,17,4,57,Skin - Body Care,In Stock,78
Milagro Beauty Natural Underarm Gel,Milagro,11150,1805,30,4,182,Skin - Body Care,In Stock,9345
Victoria's Secret Midnight Bloom Body Lotion,Victoria's,12699,11619,40,0,0,Skin - Body Care,In Stock,1080
Lotus Herbals Cocoa Caress Daily Hand & Body Lotion SPF 20,Lotus,1345,1304,12,4,566,Skin - Body Care,In Stock,41
Keya Seth Aromatherapy Soft & Smooth Olive Body Oil,Keya,1125,1100,20,4,296,Skin - Body Care,In Stock,25
Vedic Valley Akta Stress Relieving Body Massage Oil,Vedic,1640,1544,15,5,7,Skin - Body Care,In Stock,96
Victoria's Secret Bombshell Passion Body Lotion,Victoria's,12999,11799,40,3,2,Skin - Body Care,In Stock,1200
St. D'VencĂ© Parisian All Seasons Ultra Light Original Moistu...,St.,1499,1399,20,5,325,Skin - Body Care,In Stock,100
BodyHerbals Vanilla Bath And Body Spa Kit - Gift Sets & Comb...,BodyHerbals,11199,11067,11,4,44,Skin - Body Care,In Stock,132
Caudalie Vinotherapist Vegan Body Butter,Caudalie,0,13250,0,5,4,Skin - Body Care,In Stock,0
L'Occitane Organic-Certified Pure Shea Butter,L'Occitane,0,11200,0,4,108,Skin - Body Care,In Stock,0
Kama Ayurveda Lavender Patchouli Body Cleanser,Kama,0,11595,0,4,218,Skin - Body Care,In Stock,0
Bath & Body Works Pure Wonder Ultimate Hydration Body Cream,Bath,12299,1920,60,4,40,Skin - Body Care,In Stock,10379
SEREKO Vitamin C Body Scrub for Tan Removal Ingrown Hair & ...,SEREKO,1650,1520,20,5,9,Skin - Body Care,In Stock,130
Victoria's Secret Cherry Cream Body Lotion,Victoria's,12699,11619,40,5,1,Skin - Body Care,In Stock,1080
Khadi Natural Papaya Handmade Soap Reduce Wrinkles & Fine Li...,Khadi,190,176,16,4,902,Skin - Body Care,In Stock,14
Keya Seth Aromatherapy Skin Defence Orange Body Oil - Pack o...,Keya,1198,1158,20,4,226,Skin - Body Care,In Stock,40
Nat Habit Fresh Lemon Drop Underarm Ubtan 4-in-1 Scrub,Nat,1136,1116,15,4,70,Skin - Body Care,In Stock,20
Nat Habit Pure Ginger Maricha Maahu Ayurvedic Body Massage O...,Nat,1736,1567,23,4,58,Skin - Body Care,In Stock,169
Victoria's Secret Midnight Bloom Shimmer Fragrance Lotion,Victoria's,12699,11619,40,4,3,Skin - Body Care,In Stock,1080
Mamaearth Aloe Vera Moisturizing Body Wash with Aloe Vera & ...,Mamaearth,1299,1269,10,4,22,Skin - Body Care,In Stock,30
Mamaearth Aloe Vera Sunscreen Body Lotion SPF 30 - With Aloe...,Mamaearth,1399,1367,8,4,146,Skin - Body Care,In Stock,32
Thalgo Hydrating Cooling Gel-Cream,Thalgo,0,14700,0,5,4,Skin - Body Care,In Stock,0
Foxtale Moisture Surge Duo,Foxtale,1848,1636,25,4,3898,Skin - Body Care,In Stock,212
Kama Ayurveda Lavender Patchouli Body Moisturiser,Kama,0,11950,0,4,176,Skin - Body Care,In Stock,0
Colorbar Avocado Body Milk With Sun Protection,Colorbar,1399,1339,15,4,107,Skin - Body Care,In Stock,60
Bath & Body Works Water Ultra Hydration With Hyaluronic Acid...,Bath,12099,1840,60,5,8,Skin - Body Care,In Stock,10259
Chemist At Play Salicylic Acid Acne Body Wash & AHA Underarm...,Chemist,11098,1879,20,5,55425,Skin - Body Care,In Stock,9219
Be Bodywise 1% Salicylic Acid Body Wash + 10% Niacinamide Bo...,Be,1848,1706,17,4,42111,Skin - Body Care,In Stock,142
Nat Habit Turmeric Manjistha Maahu Ayurvedic Body Massage Oi...,Nat,1628,1484,23,4,49,Skin - Body Care,In Stock,144
CGG Cosmetics Crushing on Japanese cherry blossom sugar body...,CGG,1449,1337,25,3,73,Skin - Body Care,In Stock,112
Boho Botanist The Gloss Dry Oil for Body,Boho,1599,1527,12,4,32,Skin - Body Care,In Stock,72
Orimii Nail & Hand Cream With Shea Butter & Alpine Berry - N...,Orimii,1345,1328,5,4,9,Skin - Body Care,In Stock,17
Be Bodywise 5% Niacinamide Body Wash + 10% Niacinamide Body ...,Be,1848,1660,22,4,15493,Skin - Body Care,In Stock,188
Kazarmaa Lavender Love Bath And Spa Gift Hamper Set,Kazarmaa,11299,11169,10,4,46,Skin - Body Care,In Stock,130
St. D'vencĂ© Winter Edition Body Moisturiser,St.,1599,1499,17,5,584,Skin - Body Care,In Stock,100
Be Bodywise Bodywash + 5% Lactic Acid Lotion,Be,1948,1806,15,4,21660,Skin - Body Care,In Stock,142
Nat Habit Cold Process Charcoal Detox Butter Bath Soap-Detox...,Nat,1217,1184,15,4,82,Skin - Body Care,In Stock,33
Oleum Cottage Skin Softening Body Oil for Dry Eczema and Ps...,Oleum,11800,1720,60,5,33,Skin - Body Care,In Stock,10080
Khadi Natural Charcoal Handmade Soap Reduce Acne & Blackhead...,Khadi,1107,190,16,4,1125,Skin - Body Care,In Stock,917
Moha Rejuvenating Massage Oil,Moha,0,1330,0,4,357,Skin - Body Care,In Stock,0
Cetaphil Baby Restocare Combo,Cetaphil,14799,14415,8,5,1824,Skin - Body Care,In Stock,384
Jo Malone London Lime Basil & Mandarin Body and Hand Wash,Jo,0,12500,0,4,18,Skin - Body Care,In Stock,0
Colorbar Almond Body Milk With Sun Protection,Colorbar,1399,1339,15,4,70,Skin - Body Care,In Stock,60
Victoria's Secret Berry Bourbon Body Lotion,Victoria's,12699,11619,40,0,0,Skin - Body Care,In Stock,1080
Everyuth Naturals Body Lotion - Rejuvenating Flora with 100%...,Everyuth,1250,1171,32,4,110,Skin - Body Care,In Stock,79
Himalaya Aloe Vera Refreshing Body Gel,Himalaya,1350,1263,25,4,66,Skin - Body Care,In Stock,87
GLAMOUR WORLD AYURVEDIC Glow Fresh,GLAMOUR,1235,1216,8,5,19,Skin - Body Care,In Stock,19
Palmer's Raw Shea Body Lotion For Moisturizing Dry Skin,Palmer's,1550,1495,10,4,320,Skin - Body Care,In Stock,55
Moha Scrub Soap Exfoliate For Soft Youthful And Radiant Skin,Moha,180,168,15,4,232,Skin - Body Care,In Stock,12
MINATURE Epsom Salt,MINATURE,0,1399,0,4,7,Skin - Body Care,In Stock,0
Cetaphil Winter Essentials For Extra Nourishment,Cetaphil,11664,11531,8,5,174740,Skin - Body Care,In Stock,133
Beardo Power Scrub Loofah - Pack Of 2,Beardo,1200,1180,10,4,20,Skin - Body Care,In Stock,20
Everyuth Naturals Body Lotion - Sun Care Berries with Almond...,Everyuth,1625,1313,50,4,93,Skin - Body Care,In Stock,312
Colorbar Vita Hemp Restoring & Balancing Body Milk With SPF,Colorbar,1399,1327,18,4,82,Skin - Body Care,In Stock,72
Bath & Body Works Graphite Ultimate Hydration Body Cream,Bath,12299,1920,60,5,18,Skin - Body Care,In Stock,10379
MCaffeine Deep Pore Cleansing Regime,MCaffeine,11273,11018,20,4,133440,Skin - Body Care,In Stock,255
The Man Company Blanc Body Lotion For Men,The,1299,1224,25,4,104,Skin - Body Care,In Stock,75
Treaclemoon Hand Cream Extra Rich For Busy Hands The Raspbe...,Treaclemoon,0,1475,0,4,181,Skin - Body Care,In Stock,0
GREEN AND BEIGE Rectifio Underarm Serum For Odour Control & ...,GREEN,0,11299,0,5,4,Skin - Body Care,In Stock,0
L'Occitane Shea Butter One Minute Hand Scrub,L'Occitane,0,11150,0,5,14,Skin - Body Care,In Stock,0
Nat Habit Ayurvedic Cold Process Apricot Butter Bath Soap - ...,Nat,1217,1184,15,5,56,Skin - Body Care,In Stock,33
Khadi Natural Watermelon Handmade Soap Reduce tan & Dead Cel...,Khadi,190,176,16,4,310,Skin - Body Care,In Stock,14
Brillare Salicylic Acid Body Lotion for Clear & Purified Ski...,Brillare,0,1695,0,4,4,Skin - Body Care,In Stock,0
Elovera Moisturising Lotion,Elovera,1465,1442,5,4,12,Skin - Body Care,In Stock,23
Aminu VitB Body Lotion Brightening Nourishing Barrier-Repa...,Aminu,0,11650,0,4,6,Skin - Body Care,In Stock,0
VLCC Clinic Proshape Slimming Oil,VLCC,1899,1854,5,4,5,Skin - Body Care,In Stock,45
Kimirica Lady In Silver Body & Hand Wash,Kimirica,1549,1483,12,3,1,Skin - Body Care,In Stock,66
Kimirica Midnight Masquerade Body & Hand Wash,Kimirica,1549,1483,12,0,0,Skin - Body Care,In Stock,66
Clarins Moisture Rich Body Lotion,Clarins,13350,13015,10,4,8,Skin - Body Care,In Stock,335
Soulflower Romance Aroma Massage Oil for Muscle Relaxation ...,Soulflower,1450,1405,10,4,39,Skin - Body Care,In Stock,45
Joy Bestseller Combo - Cocoa & Honey Nourishing Body Lotion ...,Joy,11070,1589,45,4,9015,Skin - Body Care,In Stock,9481
Allure Natural Pumice Stone - Effective Callus Remover ( Pum...,Allure,1105,193,11,4,80,Skin - Body Care,In Stock,912
Suganda Dry Therapy Moisturising Lotion,Suganda,0,1499,0,5,1,Skin - Body Care,In Stock,0
Vaadi Herbals Elbow-Foot-Knee Scrub Soap & Kesar Chandam Fac...,Vaadi,1103,193,10,4,45837,Skin - Body Care,In Stock,910
Personal Touch SkinDam Korean Moisturizer With Ceramide 3 O...,Personal,11599,11359,15,4,26,Skin - Body Care,In Stock,240
Khadi Natural Honey & Rose Moisturiser Smooth & Radiant Skin,Khadi,1249,1179,28,5,116,Skin - Body Care,In Stock,70
Kama Ayurveda Rose Jasmine Hand Lotion,Kama,0,11950,0,5,38,Skin - Body Care,In Stock,0
Beautiliss Back Scrubber Belt Cleaning Exfoliating Bath Brus...,Beautiliss,1325,1145,55,3,12,Skin - Body Care,In Stock,180
SADHEV Brightening Nalpamaradi Tailam,SADHEV,1750,1638,15,4,132,Skin - Body Care,In Stock,112
CGG Cosmetics Ultra Protect Body Lotion SPF 50 Broad Spectru...,CGG,1409,1303,26,4,220,Skin - Body Care,In Stock,106
TNW The Natural Wash Deep Exfoliating Coffee & Coconut Face ...,TNW,1449,1299,33,5,335,Skin - Body Care,In Stock,150
Keya Seth Aromatherapy Skin Defence Orange Face & Body Moist,Keya,1400,1340,15,4,225,Skin - Body Care,In Stock,60
Jeva Aloe Vera Gel with Saffron - Hydrating Brightening & S...,Jeva,1325,1165,49,4,452,Skin - Body Care,In Stock,160
Glamveda Glutathione Body Lotion Skin Brightening Spot Fadi...,Glamveda,1299,1233,22,5,3,Skin - Body Care,In Stock,66
MCaffeine Complete Coffee Skin Care Combo,MCaffeine,11147,1952,17,5,368872,Skin - Body Care,In Stock,9195
Richfeel Calendula Anti-Blemish Cream - Soothing Echinacea f...,Richfeel,0,1264,0,4,75,Skin - Body Care,In Stock,0
Personal Touch Backshift Anti Ageing Peptide Cream With Gran...,Personal,11599,11359,15,3,2,Skin - Body Care,In Stock,240
SeaSoul Magic Recovery Butter Balm Night Cream Skin Moisturi...,SeaSoul,0,1550,0,4,68,Skin - Body Care,In Stock,0
Vedic Valley Snehana Oudh Chandan Body Lotion,Vedic,1500,1425,15,5,22,Skin - Body Care,In Stock,75
Joy Honey & Almonds Combo Of Advanced Nourishing Body Lotion...,Joy,1830,1481,42,4,8604,Skin - Body Care,In Stock,349
Suganda Calendula Oat Cream - Heals Dry & Eczmea Skin Nouri...,Suganda,0,1750,0,4,195,Skin - Body Care,In Stock,0
MCaffeine Deep Moisturization Duo - Choco Body Butter & Coff...,MCaffeine,11044,1835,20,4,57760,Skin - Body Care,In Stock,9209
VLCC Clinic Proshape Slimming Gel,VLCC,11199,11139,5,4,3,Skin - Body Care,In Stock,60
RAS Luxury Oils Radiance Brightening Body Elixir,RAS,11690,11437,15,4,8,Skin - Body Care,In Stock,253
Aroma Magic Anti Pigmentation Glossy Pack,Aroma,1100,195,5,4,278,Skin - Body Care,In Stock,905
Palmers Cocoa Butter Formula Smooth Radiant Exfoliating Body...,Palmers,1875,1788,10,4,19,Skin - Body Care,In Stock,87
Vaadi Herbals Fairness Cream - Saffron Aloe Vera & Turmeric...,Vaadi,1170,1153,10,4,572,Skin - Body Care,In Stock,17
Recode SPF 50++ Gel In Tube,Recode,1435,1370,15,5,16,Skin - Body Care,In Stock,65
Cinthol Lime Aqua Foaming Body Wash Glycerin Shower Gel Co...,Cinthol,1280,1238,15,5,28,Skin - Body Care,In Stock,42
The Bare Bar Vanilla Body Butter - Deeply moisturizing vanil...,The,0,1275,0,4,11,Skin - Body Care,In Stock,0
Wow Skin Science Coconut Milk And Argan Oil Body Lotion,Wow,0,1469,0,4,1588,Skin - Body Care,In Stock,0
Jo Malone London Lime Basil & Mandarin Body and Hand Lotion,Jo,0,16000,0,4,18,Skin - Body Care,In Stock,0
Joy Shea Protect Body Lotion Winter Set (Ceramide & Shea But...,Joy,11040,1562,46,4,3613,Skin - Body Care,In Stock,9478
Aroma Treasures Shower Steamers,Aroma,1599,1449,25,4,4,Skin - Body Care,In Stock,150
Carbamide Forte Epsom Bath Salts For Pain Relief Foot & Ach...,Carbamide,1460,1175,62,5,1,Skin - Body Care,In Stock,285
RAS Luxury Oils Refresh Revitalizing Body Wash,RAS,1990,1792,20,4,15,Skin - Body Care,In Stock,198
Cetaphil Winter Skin Care Essentials,Cetaphil,11554,11430,8,4,142557,Skin - Body Care,In Stock,124
Soulflower Lavender & Rose Geranium Bath Salt Combo For Deto...,Soulflower,1900,1810,10,4,1626,Skin - Body Care,In Stock,90
Kimirica Mayfair Soiree Body & Hand Wash,Kimirica,1549,1483,12,4,2,Skin - Body Care,In Stock,66
Clarins Men Super Moisture Balm,Clarins,13250,12925,10,0,0,Skin - Body Care,In Stock,325
SANCTUS Underarm Lightening & Dark Spot Reduction Cleanser,SANCTUS,1250,1188,25,4,26,Skin - Body Care,In Stock,62
iUNIK Acne Spot Cream,iUNIK,0,11450,0,4,4,Skin - Body Care,In Stock,0
Mamaearth Baby Dermasoft Body Lotion,Mamaearth,1549,1494,10,2,2,Skin - Body Care,In Stock,55
Fixderma Vitipause Gel,Fixderma,0,1925,0,5,5,Skin - Body Care,In Stock,0
Nature Spell Rosemary With Jamaican Black Castor Oil For Hai...,Nature,0,1800,0,4,6,Skin - Body Care,In Stock,0
SANCTUS Bum & Thigh Blackness Removal Cream,SANCTUS,1495,1396,20,4,45,Skin - Body Care,In Stock,99
Bath & Body Works Coco Shea Rich Moisture Body Lotion,Bath,12399,11669,30,5,16,Skin - Body Care,In Stock,730
Ozone Kwik Pain Relieving Oil For Joint Pain,Ozone,1277,1222,20,5,85,Skin - Body Care,In Stock,55
Cinthol Original Foaming Body Wash Glycerin Shower Gel,Cinthol,1120,1110,8,4,60,Skin - Body Care,In Stock,10
Botanic Hearth Calendula Neem and Salicylic Acid Body Wash,Botanic,1345,1259,25,5,32,Skin - Body Care,In Stock,86
Deve Herbes Pure Japanese Cypress Essential Oil for Relaxati...,Deve,1399,1379,5,5,1,Skin - Body Care,In Stock,20
Vaadi Herbals Elbow-Foot-Knee Scrub Soap - Pack of 2,Vaadi,1110,199,10,4,36463,Skin - Body Care,In Stock,911
GREEN AND BEIGE Rectifio Underarm Serum For Odour Control & ...,GREEN,0,11299,0,5,1,Skin - Body Care,In Stock,0
Plum Bodylovin' Summer Bestsellers Trio,Plum,11505,11219,19,5,83374,Skin - Body Care,In Stock,286
GREEN AND BEIGE Rectifio Underarm Serum For Odour Control & ...,GREEN,0,11299,0,0,0,Skin - Body Care,In Stock,0
Be Bodywise Niacinamide Lotion - Pack Of 3,Be,11497,11050,30,4,4309,Skin - Body Care,In Stock,447
Be Bodywise Lactic Acid Lotion - Pack Of 3,Be,11347,11137,16,4,9971,Skin - Body Care,In Stock,210
The Love Co. Secret Affair Body Lotion,The,1599,1509,15,4,3,Skin - Body Care,In Stock,90
Nat Habit Fresh Raw Potato UnderArm Ubtan for Odour Control...,Nat,1443,1354,20,4,220,Skin - Body Care,In Stock,89
Majestique Professional Foot File - Laser-Cut Steel Safe De...,Majestique,1299,1254,15,4,145,Skin - Body Care,In Stock,45
The Bare Bar Sandalwood Body Butter - Nourishing woody butte...,The,0,1275,0,5,10,Skin - Body Care,In Stock,0
Ningen Body Brightening Body Lotion,Ningen,0,1415,0,5,8,Skin - Body Care,In Stock,0
Soulflower Organic Tea Tree Handmade Bathing Soap For Acne &...,Soulflower,1300,1285,5,4,70,Skin - Body Care,In Stock,15
NIVEA Bestselling Complete Body Care Combo,NIVEA,0,11515,0,5,931317,Skin - Body Care,In Stock,0
Vedic Valley Akta Anti-Cellulite Body Massage Oil,Vedic,1640,1544,15,4,12,Skin - Body Care,In Stock,96
Be Bodywise 5% Lactic Acid Lotion & 4% AHA BHA Underarm Roll...,Be,1798,1710,11,4,72527,Skin - Body Care,In Stock,88
inatur Organic Cocoa Body Butter With Bakuchiol & Vitamin E...,inatur,1515,1361,30,4,8,Skin - Body Care,In Stock,154
Soulflower Organic Handmade Lavender Bathing Soap For Dry Sk...,Soulflower,1300,1285,5,4,65,Skin - Body Care,In Stock,15
Nat Habit Active Aloe Cactus Hydra Lift Face Gel Moisturiser...,Nat,1506,1420,17,5,21,Skin - Body Care,In Stock,86
RAS Luxury Oils Sweet Almond Pure Plant Oil,RAS,1690,1621,10,5,4,Skin - Body Care,In Stock,69
Fiama Bestselling Shower Gel Combo,Fiama,1998,1400,60,5,13259,Skin - Body Care,In Stock,598
The Body Shop Kistna Hair & Body Wash,The,11495,11271,15,0,0,Skin - Body Care,In Stock,224
Palmer's Coconut Oil Body Lotion For Deep Moisturization He...,Palmer's,1550,1495,10,5,119,Skin - Body Care,In Stock,55
St. D'vencĂ© Bordelais Autumn Moisturizer Body Lotion,St.,11499,1999,33,5,216,Skin - Body Care,In Stock,9500
Nat Habit Fresh Lemon Drop UnderArm Ubtan for Odour Control...,Nat,1407,1330,19,4,98,Skin - Body Care,In Stock,77
Jeva Fruit Cream - Ultra Moisturizing & Nourishing Care for ...,Jeva,1325,1159,51,4,159,Skin - Body Care,In Stock,166
Aroma Magic Almond Moisturising Lotion Duo,Aroma,1710,1654,8,4,42531,Skin - Body Care,In Stock,56
Park Avenue Premium Men's Soap Pure Luxury Shea Butter + Coc...,Park,1320,1240,0,5,207,Skin - Body Care,In Stock,80
Purearth Pola Mandarin Body Butter,Purearth,0,15800,0,0,0,Skin - Body Care,In Stock,0
Khadi Natural Green Tea Handmade Soap Reduce Dead Skin Cells,Khadi,190,176,16,4,415,Skin - Body Care,In Stock,14
The Bare Bar Rose Jasmine Body Butter - Floral butter blend ...,The,0,1475,0,5,13,Skin - Body Care,In Stock,0
Vedic Line Alpha Whitening Cream,Vedic,0,1375,0,5,80,Skin - Body Care,In Stock,0
Be Bodywise 4% AHA BHA Underarm Roll On & 10% Niacinamide Bo...,Be,1848,1704,17,4,66789,Skin - Body Care,In Stock,144
Plum BodyLovin' Orchid-You-Not Shower Gel - Pack Of 2,Plum,1760,1616,19,5,7900,Skin - Body Care,In Stock,144
Fixderma Fidelia Hydrating Body Lotion,Fixderma,0,1315,0,5,67,Skin - Body Care,In Stock,0
Ozone Deep Hydrating Body Lotion,Ozone,1415,1353,15,5,68,Skin - Body Care,In Stock,62
Biotique Bio Aloe Vera 30+ SPF Sunscreen Ultra Soothing Body...,Biotique,1375,1300,20,4,1446,Skin - Body Care,In Stock,75
Feel Good Club Pink Silicone Body Scrubber Loofah Bath Brush...,Feel,1175,1138,21,5,5,Skin - Body Care,In Stock,37
ECOVANI Organics Neck & Back Whitening Scrub,ECOVANI,1350,1280,20,4,22,Skin - Body Care,In Stock,70
Nature's Essence Cocoa Bright Body Lotion,Nature's,1330,1264,20,4,151,Skin - Body Care,In Stock,66
IBA Vitamin C Glow Body Lotion,IBA,1450,1360,20,4,74,Skin - Body Care,In Stock,90
Park Avenue Soap Cool Blue (Buy3 Get1 Free),Park,1320,1240,0,4,235,Skin - Body Care,In Stock,80
Nat Habit Balamool Nimbuka Pure Baby Maahu Baby Massage Oil...,Nat,1435,1361,17,4,22,Skin - Body Care,In Stock,74
Khadi Natural Coconut Milk & Honey Handmade Soap Pack of 2,Khadi,1180,1151,16,5,3668,Skin - Body Care,In Stock,29
The Body Shop Spa Of The World Polynesian Monoi Radiance Oil,The,12995,12396,20,5,26,Skin - Body Care,In Stock,599
Biotique Bio Orange Brightening Face Lotion For Men,Biotique,1200,1160,20,4,373,Skin - Body Care,In Stock,40
Meglow Skin Brightening Cream For Women Kit,Meglow,1500,1450,10,4,4,Skin - Body Care,In Stock,50
Mamaearth Charcoal Moisturizing Body Wash with Activated Cha...,Mamaearth,1299,1275,8,4,19,Skin - Body Care,In Stock,24
Ciel Post Lazer Cream,Ciel,1590,1490,17,4,17,Skin - Body Care,In Stock,100
Rivona Naturals Honey And Saffron Brightening Body Lotion Wi...,Rivona,1399,1299,25,5,109,Skin - Body Care,In Stock,100
The Bare Bar Kashmiri Lavender Body Butter - Calming body cr...,The,0,1275,0,5,2,Skin - Body Care,In Stock,0
The Bare Bar Absolute Rose Body Butter - Rose-scented moistu...,The,0,1475,0,4,3,Skin - Body Care,In Stock,0
Vaseline Intensive Care Cocoa Glow Body Lotion + Cocoa Lip T...,Vaseline,1860,1632,27,5,177123,Skin - Body Care,In Stock,228
BodyHerbals Lavender Bath And Body Spa Kit - Gift Sets & Com...,BodyHerbals,11199,11067,11,4,17,Skin - Body Care,In Stock,132
Vaadi Herbals Tan Removal & Brightening Combo Face Wash Balm...,Vaadi,1435,1392,10,4,35527,Skin - Body Care,In Stock,43
Tulips White Musk Handmade Bathing Bar,Tulips,199,189,10,4,90,Skin - Body Care,In Stock,10
Namyaa Body Scrub With 10% AHA BHA - Glycolic Lactic & Sali...,Namyaa,1399,1379,5,0,0,Skin - Body Care,In Stock,20
Meglow Skin Brigthening Cream Kit,Meglow,1500,1450,10,0,0,Skin - Body Care,In Stock,50
The Body Care Hand & Body Lotion With Almond Oil,The,1319,1239,25,4,391,Skin - Body Care,In Stock,80
Bath & Body Works Mahogany Teakwood Travel Size Ultimate Hyd...,Bath,11199,1480,60,0,0,Skin - Body Care,In Stock,9719
Botanic Hearth Jojoba & Hyaluronic Acid Body Wash,Botanic,1345,1242,30,4,19,Skin - Body Care,In Stock,103
BodyHerbals Almond Coconut Body Butter,BodyHerbals,1699,1580,17,4,11,Skin - Body Care,In Stock,119
Qraa Underarm Whitening Cream Pack of 2,Qraa,0,1780,0,4,3006,Skin - Body Care,In Stock,0
The Bare Bar Madurai Jasmine Body Butter - Floral moisturize...,The,0,1475,0,5,4,Skin - Body Care,In Stock,0
VLCC De-Tan Water Resistant Sunscreen SPF60 & Bright Glow Bo...,VLCC,1998,1808,19,4,12525,Skin - Body Care,In Stock,190
Khadi Natural Chocolate & Honey Body Butter Anti-Wrinkle Age...,Khadi,1195,1150,23,4,260,Skin - Body Care,In Stock,45
Soulflower Vitamin C Brightening Body Lotion Hyaluronic Aci...,Soulflower,1450,1405,10,4,3,Skin - Body Care,In Stock,45
GLAMOUR WORLD AYURVEDIC Glow Body Polishing Oil,GLAMOUR,1250,1235,6,4,15,Skin - Body Care,In Stock,15
Moody Vitamin C Body Lotion Mandarin Orange & Jojoba Oil,Moody,1419,1356,15,5,83,Skin - Body Care,In Stock,63
Khadi Natural Pure Jasmine Moisturiser Removes Fine Lines & ...,Khadi,1249,1179,28,5,15,Skin - Body Care,In Stock,70
Nat Habit Fresh Bath Ubtan - Wild Turmeric Body Scrub For Bo...,Nat,1723,1578,20,4,64,Skin - Body Care,In Stock,145
Oteria Whipped Body Yogurt With Red Algae Extract And Citrus...,Oteria,1999,1859,14,5,19,Skin - Body Care,In Stock,140
Khadi Natural Avocado Handmade Soap Deep Nourish,Khadi,190,176,16,4,272,Skin - Body Care,In Stock,14
Oleum Cottage Calming Anti Itch Lotion for Skin + Scalp,Oleum,11500,1600,60,4,1,Skin - Body Care,In Stock,9900
BodyHerbals Rose Bath And Body Spa Kit - Gift Sets & Combos ...,BodyHerbals,11199,11067,11,5,63,Skin - Body Care,In Stock,132
Treaclemoon Wild Cherry Magic Body Scrub,Treaclemoon,0,1650,0,4,33,Skin - Body Care,In Stock,0
Pilgrim French Red Vine Face Ritual Combo- Cleanses Hydrate...,Pilgrim,11350,11080,20,4,10332,Skin - Body Care,In Stock,270
Lotus Herbals Whiteglow Vitamin C Deep Moisture Hand & Body ...,Lotus,1625,1563,10,0,0,Skin - Body Care,In Stock,62
Vaadi Herbals Anti-Ageing Cream - Almond- Wheatgerm & Rose,Vaadi,1195,1176,10,4,274,Skin - Body Care,In Stock,19
CGG Cosmetics Crushing on Watermelon sugar body scrub tan re...,CGG,1499,1374,25,3,134,Skin - Body Care,In Stock,125
Khadi Natural After Sun Aloe Vera Moisturiser Protect UV Ray...,Khadi,1330,1221,33,4,113,Skin - Body Care,In Stock,109
Khadi Natural Peach Handmade Soap Remove Dirt & Impurities,Khadi,190,176,16,5,246,Skin - Body Care,In Stock,14
VLCC Almond Body Lotion (Buy 1 Get 1) & Sandal Cleansing Mil...,VLCC,1624,1587,6,4,13891,Skin - Body Care,In Stock,37
Rustic Art Rose Bergamot Skin Cream - Face & Body,Rustic,0,1480,0,4,38,Skin - Body Care,In Stock,0
Bath & Body Works Ocean Travel Size Ultimate Hydration Body ...,Bath,11199,1480,60,4,20,Skin - Body Care,In Stock,9719
Orgatre Body Lotion With Avocado & Shea Butter Spf 15 Pa++ ...,Orgatre,1249,1174,30,5,28,Skin - Body Care,In Stock,75
Khadi Natural Lemon Handmade Soap Pack of 2,Khadi,1180,1151,16,5,2450,Skin - Body Care,In Stock,29
Khadi Natural Papaya Handmade Soap Pack of 2,Khadi,1180,1151,16,4,1804,Skin - Body Care,In Stock,29
Oteria Green Coffee Body Shower Gel For Skin Radiance And No...,Oteria,1799,1639,20,5,9,Skin - Body Care,In Stock,160
Vedic Line Papaya Face Cream,Vedic,0,1275,0,4,76,Skin - Body Care,In Stock,0
Vedic Valley Ghee & Khus Khus Detan Body Scrub,Vedic,1820,1697,15,5,9,Skin - Body Care,In Stock,123
Vedic Valley Lavender Stress Relieving Body Massage Candle,Vedic,11000,1850,15,0,0,Skin - Body Care,In Stock,9150
Khadi Natural Charcoal Handmade Soap Pack of 2,Khadi,1214,1180,16,4,2254,Skin - Body Care,In Stock,34
Sebamed Baby Massage Oil - Pack Of 2,Sebamed,11260,11234,2,5,990,Skin - Body Care,In Stock,26
Soulflower Organic Handmade Activated Charcoal Bathing Bar S...,Soulflower,1400,1380,5,5,38,Skin - Body Care,In Stock,20
MCaffeine Super Saver Body Wash Combo With Berries,MCaffeine,11098,1714,35,4,13,Skin - Body Care,In Stock,9384
Khadi Natural Rosewater Handmade Soap Pack of 2,Khadi,1180,1151,16,5,4712,Skin - Body Care,In Stock,29
Bath & Body Works Teakwood Travel Size Body Wash,Bath,11099,1440,60,0,0,Skin - Body Care,In Stock,9659
BodyHerbals Strawberry Bath And Body Spa Kit - Gift Sets & C...,BodyHerbals,11199,11067,11,4,18,Skin - Body Care,In Stock,132
Bath & Body Works Ocean Travel Size Body Wash,Bath,11199,1480,60,5,2,Skin - Body Care,In Stock,9719
Majestique Long Handle Bath Loofah (Colour May Vary),Majestique,1249,1224,10,4,207,Skin - Body Care,In Stock,25
Everyuth Naturals Body Lotion - Nourishing Cocoa with 100% N...,Everyuth,1625,1313,50,4,118,Skin - Body Care,In Stock,312
Vaadi Herbals Anti-Acne Cream - Clove Neem & Orange Extract,Vaadi,1195,1176,10,4,251,Skin - Body Care,In Stock,19
Vedic Line Aromatherapy Massage Oil With Sunflower Oil,Vedic,0,1200,0,4,48,Skin - Body Care,In Stock,0
Khadi Natural Saffron Handmade Soap Pack of 2,Khadi,1180,1151,16,5,2515,Skin - Body Care,In Stock,29
Dr Batra's Moisturized Lotion Enriched with Aloe Vera & Ech...,Dr,1399,1319,20,4,63,Skin - Body Care,In Stock,80
Khadi Natural Pure Neem Handmade Soap Pack of 2,Khadi,1180,1151,16,4,1825,Skin - Body Care,In Stock,29
Khadi Natural Pineapple Handmade Soap Reduce Acne & Fine Lin...,Khadi,190,176,16,5,118,Skin - Body Care,In Stock,14
The Body Care Lavender Body Scrub,The,1950,1903,5,4,3,Skin - Body Care,In Stock,47
Vedic Line OnGlow Massage Cream,Vedic,0,1300,0,4,47,Skin - Body Care,In Stock,0
The Man Company Chaar-cool Bars (4 Pcs),The,11000,1790,21,5,20,Skin - Body Care,In Stock,9210
RAS Luxury Oils Nourish Hydrating & Purifying Body Wash,RAS,11190,11071,10,4,6,Skin - Body Care,In Stock,119
Gorgio Professional Hand/Foot Wooden Scrubber GHF0071 Colour...,Gorgio,1399,1219,45,4,131,Skin - Body Care,In Stock,180
The Body Care Green Tea & Lemon Grass Body Scrub,The,1950,1903,5,5,1,Skin - Body Care,In Stock,47
Khadi Natural Acne Pimple Face Cream Controls Acne & Pimples,Khadi,1375,1251,33,4,135,Skin - Body Care,In Stock,124
BodyHerbals Rose Geranium Body Massage Oil,BodyHerbals,1399,1331,17,5,17,Skin - Body Care,In Stock,68
Teenilicious Tattoo Wash With Colloidal Oatmeal & Hydrolyzed...,Teenilicious,1595,1292,51,4,4,Skin - Body Care,In Stock,303
Vaadi Herbals Acne Treatment Set,Vaadi,1676,1541,20,5,23,Skin - Body Care,In Stock,135
Skinvest Light it up Body Sunscreen + De-Tan Spray SPF 40 PA...,Skinvest,11440,1864,40,3,1,Skin - Body Care,In Stock,9576
Khadi Natural Pure Mint Handmde Soap Pack of 2,Khadi,1180,1151,16,5,1452,Skin - Body Care,In Stock,29
Vaadi Herbals Lavender Anti Ageing Massage Cream,Vaadi,1290,1218,25,4,33,Skin - Body Care,In Stock,72
Pilgrim Spanish Squalane & Niacinamide Glow Body Lotion with...,Pilgrim,11635,11145,30,5,510,Skin - Body Care,In Stock,490
Glamveda Rice & Ceramide Body Lotion - Ultra-Hydrating Korea...,Glamveda,1299,1233,22,4,3,Skin - Body Care,In Stock,66
Oleum Cottage Nourishing and Relaxing Massage Oil for Kids R...,Oleum,11650,1561,66,0,0,Skin - Body Care,In Stock,10089
SANCTUS Underarm Lightening & Hair Inhibiting Serum Concentr...,SANCTUS,1895,1537,40,5,6,Skin - Body Care,In Stock,358
Ayouthveda Hemp Shower Gel with Hemp & Aloe Vera to Rejuvena...,Ayouthveda,1469,1305,35,0,0,Skin - Body Care,In Stock,164
Khadi Natural Lemongrass Handmade Soap Pack of 2,Khadi,1180,1151,16,5,1134,Skin - Body Care,In Stock,29
Khadi Natural Almond Handmde Soap Pack of 2,Khadi,1180,1151,16,4,1788,Skin - Body Care,In Stock,29
Khadi Natural Honey Glycerine Handmade Soap Pack of 2,Khadi,1180,1151,16,5,1948,Skin - Body Care,In Stock,29
Nature Spell Honey Treatment Oil For Hair & Body,Nature,0,1800,0,5,1,Skin - Body Care,In Stock,0
Carbamide Forte Vitamin E Oil 30000IU With 100% Natural Vita...,Carbamide,1525,1395,25,5,39,Skin - Body Care,In Stock,130
Vedic Valley Lemongrass Anti Cellulite Body Massage Candle,Vedic,11000,1850,15,5,4,Skin - Body Care,In Stock,9150
Majestique Foot File with Handle - Professional Pedicure for...,Majestique,1329,1280,15,4,22,Skin - Body Care,In Stock,49
Khadi Natural Neem-Tulsi Handmade Soap Pack of 2,Khadi,1180,1151,16,4,2738,Skin - Body Care,In Stock,29
Vaadi Herbals Anti Acne Combo - Removes Pimples & Marks (Fac...,Vaadi,1501,1451,10,4,4812,Skin - Body Care,In Stock,50
Vaadi Herbals Underarm Brightening & De-pigmentation Serum W...,Vaadi,1690,1518,25,4,12,Skin - Body Care,In Stock,172
Vedic Valley Snehana Pushp Body Lotion,Vedic,1500,1425,15,5,2,Skin - Body Care,In Stock,75
Palmers Coconut Oil Formula Coconut Hydrate Firming Lotion,Palmers,1680,1598,12,5,47,Skin - Body Care,In Stock,82
Nature Spell Lavender Oil For Hair & Skin,Nature,11000,1800,0,0,0,Skin - Body Care,In Stock,9200
Fiama Exotic Shower Gel & Hand Wash Combo,Fiama,1459,1299,35,4,21263,Skin - Body Care,In Stock,160
Khadi Natural Strawberry Handmade Soap Pack of 2,Khadi,1180,1151,16,5,1475,Skin - Body Care,In Stock,29
The Body Care Maximum Moisturizing Lotion,The,1319,1239,25,4,272,Skin - Body Care,In Stock,80
Vedic Line Diamond Tejas Massage Cream,Vedic,0,1425,0,4,26,Skin - Body Care,In Stock,0
Nyassa Lily & Pear Blossom Handmade Soap,Nyassa,0,1425,0,5,1,Skin - Body Care,In Stock,0
Vedic Line Gold Ojas Cream,Vedic,0,1350,0,5,50,Skin - Body Care,In Stock,0
AromaMusk Deep Cleansing Lotion,AromaMusk,1375,1188,50,5,5,Skin - Body Care,In Stock,187
Sanctus Underarm Exfoliator,Sanctus,1250,1213,15,4,1,Skin - Body Care,In Stock,37
Nature Spell Jojoba Oil For Hair & Skin,Nature,0,1800,0,0,0,Skin - Body Care,In Stock,0
Khadi Natural Mango Handmade Soap Pack of 2,Khadi,1180,1151,16,5,401,Skin - Body Care,In Stock,29
Khadi Natural Vanilla Handmade Soap Pack of 2,Khadi,1180,1151,16,5,1275,Skin - Body Care,In Stock,29
BodyHerbals Natural Sun Dried Bath Loofah Rectangular Oval...,BodyHerbals,1399,1299,25,0,0,Skin - Body Care,In Stock,100
Allure Natural Pumice Stone - Effective Callus Remover ( Pum...,Allure,1105,193,11,4,16,Skin - Body Care,In Stock,912
The Body Care Green Tea & Lemon Grass Body Massage Oil,The,1525,1499,5,4,33,Skin - Body Care,In Stock,26
Volamena Mango Hand & Foot Cuticle Cream,Volamena,0,1249,0,5,21,Skin - Body Care,In Stock,0
Nuerma Science Anti Cellulite Slimming Oil enriched Caffeine...,Nuerma,0,1599,0,4,5,Skin - Body Care,In Stock,0
SANCTUS Underarm Dark Spot Correction Mask,SANCTUS,1275,1220,20,4,5,Skin - Body Care,In Stock,55
Khadi Natural Chandan Haldi Handmade Soap Pack of 2,Khadi,1180,1151,16,5,3210,Skin - Body Care,In Stock,29
Khadi Natural Jasmine Handmade Soap Pack of 2,Khadi,1180,1151,16,4,1898,Skin - Body Care,In Stock,29
CGG Cosmetics Crushing on Warm vanilla sugar body scrub tan ...,CGG,1499,1374,25,3,70,Skin - Body Care,In Stock,125
baes CLUB 100% Natural Jute Deep Exfoliating Loofah Glove,baes,1600,1360,40,0,0,Skin - Body Care,In Stock,240
Volamena Ubtan Body Yogurt,Volamena,0,1449,0,5,11,Skin - Body Care,In Stock,0
Zobha Cocoa Butter Body Butter Cream,Zobha,11650,11155,30,4,8,Skin - Body Care,In Stock,495
Khadi Natural Orange Handmade Soap Pack of 2,Khadi,1180,1151,16,4,1488,Skin - Body Care,In Stock,29
Bio Marine Shower Gel with Lotus & Stone Flower for Clensed...,Bio,1469,1305,35,0,0,Skin - Body Care,In Stock,164
The Body Care Lavender Body Lotion,The,1425,1404,5,4,8,Skin - Body Care,In Stock,21
Nat Habit Fresh Bath Ubtan - Neem Cure 2 Minutes Body Ubtan ...,Nat,1723,1578,20,4,15,Skin - Body Care,In Stock,145
Vaadi Herbals Hand & Body Lotion With Sunflower Extract,Vaadi,1130,1117,10,4,80,Skin - Body Care,In Stock,13
Keya Seth Aromatherapy Rosehip Body Oil,Keya,1700,1560,20,4,6,Skin - Body Care,In Stock,140
Khadi Natural White Musk Handmade Soap Pack of 2,Khadi,1180,1151,16,5,1220,Skin - Body Care,In Stock,29
Indulgeo Essentials Hermoso Body Oil For Men Helps in Reduc...,Indulgeo,11800,11260,30,5,7,Skin - Body Care,In Stock,540
Vedic Valley Demerara Sugar Detan Body Scrub,Vedic,1730,1621,15,3,3,Skin - Body Care,In Stock,109
Oteria Velvet Dew Body Lotion With Aloe Vera 72+ Hrs Moistur...,Oteria,11099,1824,25,5,10,Skin - Body Care,In Stock,9275
Delicate Skin Body Moisturizer with Panchatikta Ghrita & Oil...,Delicate,1525,1389,26,5,6,Skin - Body Care,In Stock,136
Khadi Natural Aloe Vera Handmade Soap Pack of 2,Khadi,1180,1151,16,5,2739,Skin - Body Care,In Stock,29
Cinthol Original Foaming Body Wash Glycerin Shower Gel Com...,Cinthol,1280,1238,15,4,19,Skin - Body Care,In Stock,42
Vaadi Herbals Saffron Soap & Elbow-Foot-Knee Scrub Soap Comb...,Vaadi,1120,1108,10,4,44800,Skin - Body Care,In Stock,12
Vedic Valley Jasmine Detan Body Scrub,Vedic,1550,1468,15,0,0,Skin - Body Care,In Stock,82
BRYAN & CANDY Japanese Cherry Blossom Body Butter,BRYAN,1675,1473,30,4,5,Skin - Body Care,In Stock,202
BodyHerbals Natural Sun Dried Bath Loofah Rectangular in a G...,BodyHerbals,1299,1224,25,0,0,Skin - Body Care,In Stock,75
Volamena Shea Body Butter for Women & Men,Volamena,0,1349,0,4,4,Skin - Body Care,In Stock,0
The Body Care Sinful Chocolate Body Lotion,The,1425,1319,25,5,11,Skin - Body Care,In Stock,106
Aveda Cherry Almond Hand And Body Wash,Aveda,0,12700,0,3,4,Skin - Body Care,In Stock,0
ECOVANI Organics Moisturizing Cold Cream For Glowing Skin,ECOVANI,199,194,5,4,38,Skin - Body Care,In Stock,5
Oteria White Tea Body Shower Gel Hydrating Bath Care Men And...,Oteria,1750,1638,15,5,11,Skin - Body Care,In Stock,112
Khadi Natural Avocado Handmade Soap Pack of 2,Khadi,1180,1151,16,4,544,Skin - Body Care,In Stock,29
AyouthVeda Pinda Taila Stress Relief Herbal Massage Oil Heal...,AyouthVeda,11049,1671,36,5,2,Skin - Body Care,In Stock,9378
BodyHerbals Orange Bath And Body Spa Kit - Gift Sets & Combo...,BodyHerbals,11199,11067,11,5,3,Skin - Body Care,In Stock,132
Nat Habit Balamool Sunthi Pure Baby Maah Baby Massage Oil f...,Nat,1435,1361,17,5,37,Skin - Body Care,In Stock,74
Palmer's Raw Shea Body Lotion (Pack Of 2),Palmer's,11100,1990,10,4,643,Skin - Body Care,In Stock,9110
Dermavive Intensive Body Hydrating Oil,Dermavive,0,1950,0,4,3,Skin - Body Care,In Stock,0
Vaadi Herbals Advanced Skin Whitening Saffron Combo (Gel Pa...,Vaadi,1605,1514,15,4,10212,Skin - Body Care,In Stock,91
Panchvati Herbals Clean & Clear Goti Soap - Pack Of 6,Panchvati,0,1300,0,4,2,Skin - Body Care,In Stock,0
Khadi Natural Basil Scrub Handmde Soap Pack of 2,Khadi,1180,1151,16,4,783,Skin - Body Care,In Stock,29
The Body Care Sinful Chocolate Body Massage Oil,The,1525,1394,25,4,8,Skin - Body Care,In Stock,131
Gorgio Professional Scrubbing Bath Loofah GBL0023 (Colour Ma...,Gorgio,1249,1100,60,5,3,Skin - Body Care,In Stock,149
inatur Kumkumadi Sunscreen SPF 30 PA++++ Ayurvedic Moisturi...,inatur,1395,1277,30,4,15,Skin - Body Care,In Stock,118
Ayouthveda Hemp Seed Body Lotion with Botanical Ceramides & ...,Ayouthveda,1450,1270,40,5,2,Skin - Body Care,In Stock,180
Everyuth Naturals Body Lotion - Soothing Citrus Aloe with Al...,Everyuth,0,1500,0,4,78,Skin - Body Care,In Stock,0
Vaadi Herbals Value Pack Of 3 Anti-Ageing Cream - Almond Wh...,Vaadi,1585,1468,20,5,13,Skin - Body Care,In Stock,117
Gorgio Professional Bath Shower Face & Body Scrubber Loofah ...,Gorgio,1299,1120,60,5,2,Skin - Body Care,In Stock,179
Nuerma Science Vitamin C Body Butter Cream with Butters & Vi...,Nuerma,0,1599,0,4,7,Skin - Body Care,In Stock,0
Personal Touch Skincare Silk Mood Body Silking Serum,Personal,12199,11869,15,0,0,Skin - Body Care,In Stock,330
Bio Marine Body Lotion with Lotus Stone Flower & Nourishing...,Bio,1450,1270,40,1,1,Skin - Body Care,In Stock,180
Riyo Herbs Body Butter Cream Infused with Almond Oil & Honey,Riyo,0,1899,0,4,7,Skin - Body Care,In Stock,0
Qraa Whitening solution pack,Qraa,0,11140,0,4,3551,Skin - Body Care,In Stock,0
Ozone Deep Hydrating Body Lotion Up To 72-Hour Deep Hydrati...,Ozone,1495,1421,15,1,1,Skin - Body Care,In Stock,74
Khadi Natural Watermelon Handmade Soap Pack of 2,Khadi,1180,1151,16,4,620,Skin - Body Care,In Stock,29
Khadi Natural Lavender Handmade Soap Pack of 2,Khadi,1180,1151,16,4,3334,Skin - Body Care,In Stock,29
NutriGlow Natural's Advanced Pro Formula Papaya Body Lotion,NutriGlow,1299,1254,15,4,4,Skin - Body Care,In Stock,45
GLAMOUR WORLD AYURVEDIC Super Fair Cold Cream for Sensitive ...,GLAMOUR,1205,1189,8,4,5,Skin - Body Care,In Stock,16
Vaadi Herbals Hand & Body Lotion With Sunflower Extract,Vaadi,1280,1252,10,4,49,Skin - Body Care,In Stock,28
Khadi Natural Peach Handmade Soap Pack of 2,Khadi,1180,1151,16,5,492,Skin - Body Care,In Stock,29
TNW The Natural Wash Under Arm Roll On and Coffee Coconut Sc...,TNW,1748,1449,40,4,2922,Skin - Body Care,In Stock,299
Kazarmaa Almond & Coconut Massage Oil,Kazarmaa,1349,1209,40,5,1,Skin - Body Care,In Stock,140
The Body Care Green Tea & Lemon Grass Body Lotion,The,1425,1404,5,5,1,Skin - Body Care,In Stock,21
Gorgio Professional Loofah With Foot Scrubber Combo (GPCA001...,Gorgio,1499,1274,45,3,9,Skin - Body Care,In Stock,225
Vaadi Herbals Elbow-Foot-Knee Scrub Soap & Orange Lip Balm C...,Vaadi,1140,1126,10,4,60487,Skin - Body Care,In Stock,14
TNW The Natural Wash Multani Mitti Face Wash + Potato Rice S...,TNW,1698,1419,40,4,3018,Skin - Body Care,In Stock,279
Khadi Natural Mix Fruit Handmade Soap Pack of 2,Khadi,1214,1180,16,4,1171,Skin - Body Care,In Stock,34
Khadi Natural Apricot Scrub Handmade Soap Pack of 2,Khadi,1180,1151,16,4,1274,Skin - Body Care,In Stock,29
Gorgio Professional Soothing Bath Loofah GBL0021 (Colour May...,Gorgio,1299,1120,60,0,0,Skin - Body Care,In Stock,179
Nyassa Forest Musk Soap | Honeysuckle & Almond Oil | Musky F...,Nyassa,0,1575,0,5,10,Skin - Body Care,In Stock,0
Firming & Toning Body Cream with Ashwagandha & Shatavari to ...,Firming,11049,1629,40,5,1,Skin - Body Care,In Stock,9420
inatur Tea Tree Gel Non-Sticky Moisturizer with Neem Aloe...,inatur,1300,1258,14,4,12,Skin - Body Care,In Stock,42
Khadi Natural Green TeaHandmade Soap Pack of 2,Khadi,1180,1151,16,4,832,Skin - Body Care,In Stock,29
Vagad's Herbal Neem Patti Soap Bathing Bar with Neem Leaves...,Vagad's,189,180,10,4,1,Skin - Body Care,In Stock,9
Otrix Ubtan Body Wash With Turmeric & Saffron,Otrix,0,1449,0,0,0,Skin - Body Care,In Stock,0
Aroma Treasures Orange Essential Oil,Aroma,1252,1227,10,5,8,Skin - Body Care,In Stock,25
Keya Seth Aromatherapy Energizing Body Massage Oil,Keya,1400,1320,20,0,0,Skin - Body Care,In Stock,80
AromaMusk Organic & Cold Pressed Pure Carrier Rosehip Oil In...,AromaMusk,1749,1539,28,5,2,Skin - Body Care,In Stock,210
ABSO Essentials Hydrating Body Wash With Niacinamide,ABSO,0,1549,0,5,7,Skin - Body Care,In Stock,0
Otrix French Lavender Body Wash,Otrix,0,1449,0,5,1,Skin - Body Care,In Stock,0
Feather Touch Moisturizing Body Lotion with 5 Essential Oils...,Feather,1419,1293,30,5,4,Skin - Body Care,In Stock,126
Keya Seth Aromatherapy Neroli & Calendula Winter Body Oil,Keya,1600,1480,20,4,17,Skin - Body Care,In Stock,120
Nyassa Coffee And Charcoal Handmade Soap,Nyassa,0,1365,0,0,0,Skin - Body Care,In Stock,0
The Body Care Sinful Chocolate Body Scrub,The,1950,1903,5,5,3,Skin - Body Care,In Stock,47
BodyHerbals Natural Sun Dried Bath Loofah Square in a Gift B...,BodyHerbals,1299,1224,25,1,1,Skin - Body Care,In Stock,75
Deve Herbes Pure Yuzu Oil (Citrus Junos) Cold Pressed,Deve,1515,1489,5,5,1,Skin - Body Care,In Stock,26
AromaMusk Organic 100% Pure Cold Pressed Extra Virgin Coconu...,AromaMusk,1748,1539,28,4,7,Skin - Body Care,In Stock,209
Gorgio Professional Loofah With Backhand Loofah Combo (GPCA0...,Gorgio,1599,1329,45,3,6,Skin - Body Care,In Stock,270
Bloomsberry Pure Bliss Body Lotion,Bloomsberry,0,1625,0,3,3,Skin - Body Care,In Stock,0
Vaadi Herbals Lemongrass Anti-Pigmentation Cleansing Cream,Vaadi,1285,1214,25,4,24,Skin - Body Care,In Stock,71
Deve Herbes Pure Perilla Cold Pressed Oil,Deve,1449,1427,5,5,1,Skin - Body Care,In Stock,22
Vagad's Herbal Papaya Soap Refreshing Cleansing Formula Gl...,Vagad's,195,186,10,4,1,Skin - Body Care,In Stock,9
Otrix Raw Coffee Antioxidant-Rich Exfoliating & Nourishing ...,Otrix,0,1449,0,5,1,Skin - Body Care,In Stock,0
Otrix Tea Tree & Mint Refreshing & Soothing Body Wash,Otrix,0,1449,0,0,0,Skin - Body Care,In Stock,0
Light Up Flash Facial And Body Powder Wash,Light,0,1945,0,5,32,Skin - Body Care,In Stock,0
Mom & World Mother Nourishing Body Oil,Mom,1725,1602,17,4,35,Skin - Body Care,In Stock,123
House Of Beauty Stretch Mark Oil,House,1599,1449,25,4,1,Skin - Body Care,In Stock,150
Vaadi Herbals Value Pack Of 3 Anti-Acne Cream - Clove- Neem ...,Vaadi,1475,1380,20,3,3,Skin - Body Care,In Stock,95
Allure Natural Pumice Stone - Effective Callus Remover ( Pum...,Allure,1105,193,11,4,14,Skin - Body Care,In Stock,912
RAS Luxury Oils Olive Squalane Pure Plant Beauty Oil,RAS,11690,11521,10,3,5,Skin - Body Care,In Stock,169
Bloomsberry White Chiffon Body Lotion,Bloomsberry,0,1625,0,3,3,Skin - Body Care,In Stock,0
Flora Gardinia Shower Gel With Lotus & Chamomile for Refresh...,Flora,1469,1305,35,1,1,Skin - Body Care,In Stock,164
Vaadi Herbals Focused Face Care Kit (Contains 4 Premium Prod...,Vaadi,1686,1617,10,4,48688,Skin - Body Care,In Stock,69
Fiama Refreshing Shower Gel & Hand Wash Combo,Fiama,1419,1302,28,4,15354,Skin - Body Care,In Stock,117
AromaMusk Organic Golden Pure Carrier Jojoba Oil Moisturizin...,AromaMusk,1849,1611,28,3,3,Skin - Body Care,In Stock,238
Vedic Line BioRhythm Renewal Cream With Vitamin E,Vedic,0,1300,0,4,13,Skin - Body Care,In Stock,0
Moha Herbal Shower Gel And Face Wash Combo Cleanse Refresh ...,Moha,1689,1586,15,4,624,Skin - Body Care,In Stock,103
Volamena Vitamin C Body Butter for Women & Men,Volamena,0,1349,0,3,6,Skin - Body Care,In Stock,0
BodyHerbals Natural Sun Dried Bath Loofah Round in a Gift Ba...,BodyHerbals,1299,1224,25,0,0,Skin - Body Care,In Stock,75
Panchvati Herbals Moisturising Lotion With Herbs Cucumber Ex...,Panchvati,0,1390,0,4,6,Skin - Body Care,In Stock,0
NutriGlow Natural's Raw Irish Coffee Body Lotion,NutriGlow,1299,1254,15,0,0,Skin - Body Care,In Stock,45
Matra Natural Handmade Peach Apricot And Walnut Scrub Soap ...,Matra,1199,1159,20,5,4,Skin - Body Care,In Stock,40
Matra Lavender Ylang Ylang Handmade Soap Natural Bathing Bar...,Matra,1199,1149,25,4,2,Skin - Body Care,In Stock,50
Vaadi Herbals Elbow-Foot-Knee Scrub Soap & Under Eye CrĂ¨me C...,Vaadi,1250,1225,10,4,45206,Skin - Body Care,In Stock,25
Votre Botanical Day Gel Creme With SPF 35 PA++ Mineral Enric...,Votre,0,11350,0,4,9,Skin - Body Care,In Stock,0
Callesta Frutella Hydrating Body Butter - Strawberry,Callesta,0,1599,0,2,1,Skin - Body Care,In Stock,0
Keya Seth Aromatherapy Eucalyptus Essential Oil,Keya,1499,1424,15,4,1,Skin - Body Care,In Stock,75
The Body Care Green Tea & Lemon Grass Body Cream,The,1950,1713,25,4,4,Skin - Body Care,In Stock,237
Volamena Organics Ubtan Glow Skin Care Kit,Volamena,0,11346,0,0,0,Skin - Body Care,In Stock,0
Thalgo 24H Hydrating Body Milk,Thalgo,12800,12380,15,0,0,Skin - Body Care,In Stock,420
Khadi Organique Rice Water Face Gel,Khadi,1350,1287,18,4,82,Skin - Body Care,In Stock,63
BioExotica Body Lotion With SuperGreens,BioExotica,0,11199,0,0,0,Skin - Body Care,In Stock,0
SoulTree Hemp Comforting Ayurvedic Body Butter,SoulTree,0,12295,0,4,1,Skin - Body Care,In Stock,0
Keya Seth Aromatherapy Sandalwood Essential Oil,Keya,11599,11279,20,3,4,Skin - Body Care,In Stock,320
The Body Care Sinful Chocolate Body Cream,The,1950,1713,25,2,2,Skin - Body Care,In Stock,237
Vaadi Herbals Fruit Splash Soap Mix Fruit Handmade Soap - Pa...,Vaadi,1130,1117,10,4,394,Skin - Body Care,In Stock,13
TNW The Natural Wash Charcoal Soap With Deep Cleansing & Cuc...,TNW,1698,1419,40,4,7528,Skin - Body Care,In Stock,279
Lotus Botanicals 100% Pure Almond & Shea Butter Hydramelt Bo...,Lotus,0,1675,0,0,0,Skin - Body Care,In Stock,0
TNW The Natural Wash Handmade Charcoal Soap For Blackheads &...,TNW,11048,1629,40,4,4806,Skin - Body Care,In Stock,9419
Gorgio Professional Bath Loofah GBL0026 Pack of 1 - (Colour ...,Gorgio,1299,1120,60,4,3,Skin - Body Care,In Stock,179
TNW The Natural Wash Handmade Charcoal Soap For Blackheads &...,TNW,1948,1569,40,4,2808,Skin - Body Care,In Stock,379
Otrix Aqua Fresh Hydrating Body Wash With Aloe Vera & Citrus...,Otrix,0,1449,0,0,0,Skin - Body Care,In Stock,0
Deve Herbes Pure Peppercorn Essential Oil,Deve,1515,1489,5,0,0,Skin - Body Care,In Stock,26
ManCode Raw Perfumed Body Lotion With D-panthanol,ManCode,1349,1199,43,5,4,Skin - Body Care,In Stock,150
Otrix Strawberry & Peach Body Wash,Otrix,0,1449,0,0,0,Skin - Body Care,In Stock,0
AromaMusk Cold Pressed Pure Carrier Almond Oil Soothing Prun...,AromaMusk,1649,1467,28,3,1,Skin - Body Care,In Stock,182
St. D'vencĂ© Body Moisturiser,St.,1499,1399,20,5,9,Skin - Body Care,In Stock,100
